<?xml version = '1.0' encoding = 'UTF-8'?>
<Table class="oracle.dbtools.crest.model.design.relational.Table" directorySegmentName="seg_0" id="0A25171D-951D-E0A2-4607-2058ED4C733D" name="DEPARTEMENTS">
<createdBy>user</createdBy>
<createdTime>2023-11-30 02:56:13 UTC</createdTime>
<generatorID>641B27E5-2A84-20C3-09A3-5EF9FB31F8BF</generatorID>
<ownerDesignName>TUBES</ownerDesignName>
<allowColumnReorder>false</allowColumnReorder>
<existDependencyGenerateInDDl>true</existDependencyGenerateInDDl>
<parsed>true</parsed>
<columns itemClass="oracle.dbtools.crest.model.design.relational.Column">
<Column name="departement_id" id="2D8710FB-90AB-41C0-E826-ADC9EBD7321D">
<createdBy>user</createdBy>
<createdTime>2023-11-30 02:56:13 UTC</createdTime>
<generatorID>F4AA0972-AB32-8835-E012-396B5C23515C</generatorID>
<ownerDesignName>TUBES</ownerDesignName>
<useDomainConstraints>false</useDomainConstraints>
<use>1</use>
<logicalDatatype>LOGDT019</logicalDatatype>
<ownDataTypeParameters>,,</ownDataTypeParameters>
<autoIncrementCycle>false</autoIncrementCycle>
</Column>
<Column name="departement_name" id="28936D85-D030-0AA8-0DD9-92489A5A3B91">
<createdBy>user</createdBy>
<createdTime>2023-11-30 02:56:13 UTC</createdTime>
<generatorID>096B6396-D55C-B81E-354C-78C0E73D2FCE</generatorID>
<ownerDesignName>TUBES</ownerDesignName>
<useDomainConstraints>false</useDomainConstraints>
<use>1</use>
<logicalDatatype>A3A3C77D-0366-9768-FF89-1C25E56881C8</logicalDatatype>
<dataTypeSize>25</dataTypeSize>
<ownDataTypeParameters>25,,</ownDataTypeParameters>
<autoIncrementCycle>false</autoIncrementCycle>
</Column>
<Column name="LOCATIONS_location_id" id="CFD0448B-A15A-C6C5-4841-F39716130D9D">
<createdBy>user</createdBy>
<createdTime>2023-11-30 02:56:13 UTC</createdTime>
<generatorID>F12DEFD1-9E76-28A6-776F-8F38D48A7521</generatorID>
<ownerDesignName>TUBES</ownerDesignName>
<useDomainConstraints>false</useDomainConstraints>
<use>1</use>
<logicalDatatype>LOGDT019</logicalDatatype>
<ownDataTypeParameters>,,</ownDataTypeParameters>
<previousColumn>false</previousColumn>
<autoIncrementCycle>false</autoIncrementCycle>
<associations>
<colAssociation fkAssociation="D3CD9CC8-D2F5-26BD-3686-51565DDA126A" referredColumn="024CDB55-5A78-7296-6BA2-0194A543D809"/>
</associations>
</Column>
<Column name="EMPLOYEES_employee_id" id="CE9EFE6C-B929-CD58-DC6C-FB6746CCAFEB">
<createdBy>user</createdBy>
<createdTime>2023-11-30 02:56:13 UTC</createdTime>
<generatorID>40688392-515C-F673-286F-B158EE0C3075</generatorID>
<ownerDesignName>TUBES</ownerDesignName>
<useDomainConstraints>false</useDomainConstraints>
<use>1</use>
<logicalDatatype>LOGDT019</logicalDatatype>
<ownDataTypeParameters>,,</ownDataTypeParameters>
<previousColumn>false</previousColumn>
<autoIncrementCycle>false</autoIncrementCycle>
<associations>
<colAssociation fkAssociation="140D0841-0412-6CAF-7AF9-C6ED2B1A9C69" referredColumn="DCB02F48-9A1D-FAFE-0DCC-12FC2ADAAF4D"/>
</associations>
</Column>
</columns>
<indexes itemClass="oracle.dbtools.crest.model.design.relational.Index">
<ind_PK_UK id="74E7C138-606A-2C48-3AD3-23DCE87ED678" name="DEPARTEMENTS_PK">
<createdBy>user</createdBy>
<createdTime>2023-11-30 02:56:13 UTC</createdTime>
<generatorID>9EA197CD-121D-168D-1393-4ABB015C552D</generatorID>
<ownerDesignName>TUBES</ownerDesignName>
<pk>true</pk>
<indexState>Primary Constraint</indexState>
<isSurrogateKey>false</isSurrogateKey>
<indexColumnUsage>
<colUsage columnID="2D8710FB-90AB-41C0-E826-ADC9EBD7321D"/>
</indexColumnUsage>
</ind_PK_UK>
<ind_PK_UK id="499BCABE-5C18-3979-15FF-49962E30898C" name="DEPARTEMENTS_LOCATIONS_FK">
<createdBy>user</createdBy>
<createdTime>2023-11-30 02:56:13 UTC</createdTime>
<generatorID>CCC10361-F6D0-FDAE-409F-21EDA7B01F30</generatorID>
<ownerDesignName>TUBES</ownerDesignName>
<indexState>Foreign Key</indexState>
<isSurrogateKey>false</isSurrogateKey>
<indexColumnUsage>
<colUsage columnID="CFD0448B-A15A-C6C5-4841-F39716130D9D"/>
</indexColumnUsage>
</ind_PK_UK>
<ind_PK_UK id="D531D4D6-BBD8-1E51-9DB5-FD30923D9E43" name="DEPARTEMENTS_EMPLOYEES_FK">
<createdBy>user</createdBy>
<createdTime>2023-11-30 02:56:13 UTC</createdTime>
<generatorID>E7535713-589A-4AA8-83D0-F061D2D6DB60</generatorID>
<ownerDesignName>TUBES</ownerDesignName>
<indexState>Foreign Key</indexState>
<isSurrogateKey>false</isSurrogateKey>
<indexColumnUsage>
<colUsage columnID="CE9EFE6C-B929-CD58-DC6C-FB6746CCAFEB"/>
</indexColumnUsage>
</ind_PK_UK>
</indexes>
</Table>