<?xml version = '1.0' encoding = 'UTF-8'?>
<Table class="oracle.dbtools.crest.model.design.relational.Table" directorySegmentName="seg_0" id="3F32F196-AA94-985B-19B1-7286324FDECA" name="Machine_Log">
<createdBy>user</createdBy>
<createdTime>2023-11-30 02:56:13 UTC</createdTime>
<generatorID>546C0C87-3EAA-9B40-EFBC-8BCC3B77A2A5</generatorID>
<ownerDesignName>TUBES</ownerDesignName>
<allowColumnReorder>false</allowColumnReorder>
<existDependencyGenerateInDDl>true</existDependencyGenerateInDDl>
<parsed>true</parsed>
<columns itemClass="oracle.dbtools.crest.model.design.relational.Column">
<Column name="Log_id" id="2DA31259-5986-8410-0F21-B2DC35E29A03">
<createdBy>user</createdBy>
<createdTime>2023-11-30 02:56:13 UTC</createdTime>
<generatorID>86D0B0DD-349B-0843-BA45-08E0FDDD72C4</generatorID>
<ownerDesignName>TUBES</ownerDesignName>
<useDomainConstraints>false</useDomainConstraints>
<use>1</use>
<logicalDatatype>LOGDT019</logicalDatatype>
<ownDataTypeParameters>,,</ownDataTypeParameters>
<autoIncrementCycle>false</autoIncrementCycle>
</Column>
<Column name="tanggal_kerusakan" id="CFB1FA05-0B2A-6856-6122-D9854F187E04">
<createdBy>user</createdBy>
<createdTime>2023-11-30 02:56:13 UTC</createdTime>
<generatorID>D2425F4E-BCC8-EC11-B466-EF74D7B2D219</generatorID>
<ownerDesignName>TUBES</ownerDesignName>
<useDomainConstraints>false</useDomainConstraints>
<use>1</use>
<logicalDatatype>LOGDT007</logicalDatatype>
<ownDataTypeParameters>,,</ownDataTypeParameters>
<autoIncrementCycle>false</autoIncrementCycle>
</Column>
<Column name="statement_letter" id="CBDA77BA-1934-18B3-EA74-A66C4DB5F3F6">
<createdBy>user</createdBy>
<createdTime>2023-11-30 02:56:13 UTC</createdTime>
<generatorID>0509A008-F357-4D26-6515-153A4C066271</generatorID>
<ownerDesignName>TUBES</ownerDesignName>
<useDomainConstraints>false</useDomainConstraints>
<use>1</use>
<logicalDatatype>LOGDT024</logicalDatatype>
<dataTypeSize>25</dataTypeSize>
<ownDataTypeParameters>25,,</ownDataTypeParameters>
<autoIncrementCycle>false</autoIncrementCycle>
</Column>
<Column name="status" id="5C6F4BE8-697C-0722-7A5D-8A39529CFA4C">
<createdBy>user</createdBy>
<createdTime>2023-11-30 02:56:13 UTC</createdTime>
<generatorID>7E17168E-FB19-002D-9689-0D6343E95F16</generatorID>
<ownerDesignName>TUBES</ownerDesignName>
<useDomainConstraints>false</useDomainConstraints>
<use>1</use>
<logicalDatatype>LOGDT024</logicalDatatype>
<dataTypeSize>15</dataTypeSize>
<ownDataTypeParameters>15,,</ownDataTypeParameters>
<autoIncrementCycle>false</autoIncrementCycle>
</Column>
<Column name="Machine_machine_id" id="0E299700-0039-78E3-3B7A-EF742FBE0107">
<createdBy>user</createdBy>
<createdTime>2023-11-30 02:56:13 UTC</createdTime>
<generatorID>75C4AB76-6679-F80B-20C9-06BCD7770A22</generatorID>
<ownerDesignName>TUBES</ownerDesignName>
<useDomainConstraints>false</useDomainConstraints>
<use>1</use>
<logicalDatatype>LOGDT019</logicalDatatype>
<ownDataTypeParameters>,,</ownDataTypeParameters>
<previousColumn>false</previousColumn>
<autoIncrementCycle>false</autoIncrementCycle>
<associations>
<colAssociation fkAssociation="B3D6073B-554B-95B4-B736-69234CC8E33C" referredColumn="93EA71AE-AD35-62BD-9A71-7BCD0239A007"/>
</associations>
</Column>
<Column name="EMPLOYEES_employee_id" id="7F2D2635-5E23-8187-A6CF-F7F5000E8CBC">
<createdBy>user</createdBy>
<createdTime>2023-11-30 02:56:13 UTC</createdTime>
<generatorID>ECD4342C-3FDB-7948-1B2F-06909234E4F7</generatorID>
<ownerDesignName>TUBES</ownerDesignName>
<useDomainConstraints>false</useDomainConstraints>
<use>1</use>
<logicalDatatype>LOGDT019</logicalDatatype>
<ownDataTypeParameters>,,</ownDataTypeParameters>
<previousColumn>false</previousColumn>
<autoIncrementCycle>false</autoIncrementCycle>
<associations>
<colAssociation fkAssociation="906224AE-2E70-8FB0-DF92-86D228B95C9D" referredColumn="DCB02F48-9A1D-FAFE-0DCC-12FC2ADAAF4D"/>
</associations>
</Column>
</columns>
<indexes itemClass="oracle.dbtools.crest.model.design.relational.Index">
<ind_PK_UK id="ED82F104-59D8-1018-8B60-C87DCA1E8055" name="Machine_Log_PK">
<createdBy>user</createdBy>
<createdTime>2023-11-30 02:56:13 UTC</createdTime>
<generatorID>D71FF89E-CDFD-C3B0-D449-D4A19F92B2CE</generatorID>
<ownerDesignName>TUBES</ownerDesignName>
<pk>true</pk>
<indexState>Primary Constraint</indexState>
<isSurrogateKey>false</isSurrogateKey>
<indexColumnUsage>
<colUsage columnID="2DA31259-5986-8410-0F21-B2DC35E29A03"/>
</indexColumnUsage>
</ind_PK_UK>
<ind_PK_UK id="468ABB9D-E325-01D4-B4D4-25D76EF97B2A" name="Machine_Log__IDX">
<createdBy>user</createdBy>
<createdTime>2023-11-30 02:56:13 UTC</createdTime>
<ownerDesignName>TUBES</ownerDesignName>
<indexState>Unique Plain Index</indexState>
<isSurrogateKey>false</isSurrogateKey>
<relationGeneratorID>0D7F650C-6B97-6070-3943-5B3BDFB6580D</relationGeneratorID>
<indexColumnUsage>
<colUsage columnID="0E299700-0039-78E3-3B7A-EF742FBE0107"/>
</indexColumnUsage>
</ind_PK_UK>
<ind_PK_UK id="9A8F2BBD-F28E-A5DC-CE64-0C504FED9CD3" name="Machine_Log_EMPLOYEES_FK">
<createdBy>user</createdBy>
<createdTime>2023-11-30 02:56:13 UTC</createdTime>
<generatorID>9C0F48AC-3BA0-4067-7EF3-90034EEE03CF</generatorID>
<ownerDesignName>TUBES</ownerDesignName>
<indexState>Foreign Key</indexState>
<isSurrogateKey>false</isSurrogateKey>
<indexColumnUsage>
<colUsage columnID="7F2D2635-5E23-8187-A6CF-F7F5000E8CBC"/>
</indexColumnUsage>
</ind_PK_UK>
<ind_PK_UK id="FE5CB50D-B7B9-659D-4DBB-8735B94C0E71" name="Machine_Log_Machine_FK">
<createdBy>user</createdBy>
<createdTime>2023-11-30 02:56:13 UTC</createdTime>
<generatorID>0D7F650C-6B97-6070-3943-5B3BDFB6580D</generatorID>
<ownerDesignName>TUBES</ownerDesignName>
<indexState>Foreign Key</indexState>
<isSurrogateKey>false</isSurrogateKey>
<indexColumnUsage>
<colUsage columnID="0E299700-0039-78E3-3B7A-EF742FBE0107"/>
</indexColumnUsage>
</ind_PK_UK>
</indexes>
</Table>