<?xml version = '1.0' encoding = 'UTF-8'?>
<Table class="oracle.dbtools.crest.model.design.relational.Table" directorySegmentName="seg_0" id="5C8EEF75-C731-4538-227E-DFAE530874AD" name="EMPLOYEES">
<createdBy>user</createdBy>
<createdTime>2023-11-30 02:56:13 UTC</createdTime>
<generatorID>7A4808EE-9E2A-77AA-A6EC-0DF7D8CDD103</generatorID>
<ownerDesignName>TUBES</ownerDesignName>
<allowColumnReorder>false</allowColumnReorder>
<existDependencyGenerateInDDl>true</existDependencyGenerateInDDl>
<parsed>true</parsed>
<columns itemClass="oracle.dbtools.crest.model.design.relational.Column">
<Column name="employee_id" id="DCB02F48-9A1D-FAFE-0DCC-12FC2ADAAF4D">
<createdBy>user</createdBy>
<createdTime>2023-11-30 02:56:13 UTC</createdTime>
<generatorID>C4A81A08-04F3-6C14-8743-1505FAF581C5</generatorID>
<ownerDesignName>TUBES</ownerDesignName>
<useDomainConstraints>false</useDomainConstraints>
<use>1</use>
<logicalDatatype>LOGDT019</logicalDatatype>
<ownDataTypeParameters>,,</ownDataTypeParameters>
<autoIncrementCycle>false</autoIncrementCycle>
</Column>
<Column name="full_name" id="17E22606-3966-B4DE-F447-80464BA07C10">
<createdBy>user</createdBy>
<createdTime>2023-11-30 02:56:13 UTC</createdTime>
<generatorID>611B8FE0-B3F8-DECF-AFC0-81CFF32EE7D0</generatorID>
<ownerDesignName>TUBES</ownerDesignName>
<useDomainConstraints>false</useDomainConstraints>
<use>1</use>
<logicalDatatype>A3A3C77D-0366-9768-FF89-1C25E56881C8</logicalDatatype>
<dataTypeSize>25</dataTypeSize>
<ownDataTypeParameters>25,,</ownDataTypeParameters>
<autoIncrementCycle>false</autoIncrementCycle>
</Column>
<Column name="email" id="F7FA5EAD-AFC8-8920-4A38-C29333AF5E0F">
<createdBy>user</createdBy>
<createdTime>2023-11-30 02:56:13 UTC</createdTime>
<generatorID>99D356EB-3952-1CEF-DCB9-358C3C21949C</generatorID>
<ownerDesignName>TUBES</ownerDesignName>
<useDomainConstraints>false</useDomainConstraints>
<use>1</use>
<logicalDatatype>LOGDT024</logicalDatatype>
<dataTypeSize>50</dataTypeSize>
<ownDataTypeParameters>50,,</ownDataTypeParameters>
<autoIncrementCycle>false</autoIncrementCycle>
</Column>
<Column name="phone_number" id="B689DF22-3BCC-013C-9073-9C4AEBDCD302">
<createdBy>user</createdBy>
<createdTime>2023-11-30 02:56:13 UTC</createdTime>
<generatorID>175B6786-1622-D589-2349-4A26EAB27E32</generatorID>
<ownerDesignName>TUBES</ownerDesignName>
<useDomainConstraints>false</useDomainConstraints>
<use>1</use>
<logicalDatatype>LOGDT024</logicalDatatype>
<dataTypeSize>15</dataTypeSize>
<ownDataTypeParameters>15,,</ownDataTypeParameters>
<autoIncrementCycle>false</autoIncrementCycle>
</Column>
<Column name="hire_date" id="65B92AB9-F4DA-BE93-6919-62523000F52E">
<createdBy>user</createdBy>
<createdTime>2023-11-30 02:56:13 UTC</createdTime>
<generatorID>9DE7F08A-1605-65D9-A24E-1DF7B58F312A</generatorID>
<ownerDesignName>TUBES</ownerDesignName>
<useDomainConstraints>false</useDomainConstraints>
<use>1</use>
<logicalDatatype>LOGDT007</logicalDatatype>
<ownDataTypeParameters>,,</ownDataTypeParameters>
<autoIncrementCycle>false</autoIncrementCycle>
</Column>
<Column name="salary" id="36ECBF89-CF6C-F901-6566-9B733561A6EB">
<createdBy>user</createdBy>
<createdTime>2023-11-30 02:56:13 UTC</createdTime>
<generatorID>42E916B0-9543-67EF-5E58-4006B2849F0B</generatorID>
<ownerDesignName>TUBES</ownerDesignName>
<useDomainConstraints>false</useDomainConstraints>
<use>1</use>
<logicalDatatype>LOGDT019</logicalDatatype>
<ownDataTypeParameters>,,</ownDataTypeParameters>
<autoIncrementCycle>false</autoIncrementCycle>
</Column>
<Column name="commision_pct" id="DBC46087-8497-2C71-98FB-722C602BDFB8">
<createdBy>user</createdBy>
<createdTime>2023-11-30 02:56:13 UTC</createdTime>
<generatorID>3BA239B6-58ED-C184-0AA3-94068EB13FD0</generatorID>
<ownerDesignName>TUBES</ownerDesignName>
<useDomainConstraints>false</useDomainConstraints>
<use>1</use>
<logicalDatatype>LOGDT021</logicalDatatype>
<ownDataTypeParameters>,,</ownDataTypeParameters>
<autoIncrementCycle>false</autoIncrementCycle>
</Column>
<Column name="JOBS_job_id" id="DD3376FB-42B9-3A71-1BB8-6CB12375DC84">
<createdBy>user</createdBy>
<createdTime>2023-11-30 02:56:13 UTC</createdTime>
<generatorID>C933D857-C056-2349-C2BF-2A549F261CF8</generatorID>
<ownerDesignName>TUBES</ownerDesignName>
<useDomainConstraints>false</useDomainConstraints>
<use>1</use>
<logicalDatatype>LOGDT019</logicalDatatype>
<ownDataTypeParameters>,,</ownDataTypeParameters>
<previousColumn>false</previousColumn>
<autoIncrementCycle>false</autoIncrementCycle>
<associations>
<colAssociation fkAssociation="27A51BDC-9182-83BE-BC2B-DFBA1F12F6F8" referredColumn="A367B3AD-AEB4-3D16-8E66-3B2DB9F321B8"/>
</associations>
</Column>
<Column name="DEPARTEMENTS_departement_id" id="213592EC-7F5D-F85E-B9CA-926BA8876FBF">
<createdBy>user</createdBy>
<createdTime>2023-11-30 02:56:13 UTC</createdTime>
<generatorID>EB847555-C46F-2FD9-82A4-017454338C0A</generatorID>
<ownerDesignName>TUBES</ownerDesignName>
<useDomainConstraints>false</useDomainConstraints>
<use>1</use>
<logicalDatatype>LOGDT019</logicalDatatype>
<ownDataTypeParameters>,,</ownDataTypeParameters>
<previousColumn>false</previousColumn>
<autoIncrementCycle>false</autoIncrementCycle>
<associations>
<colAssociation fkAssociation="E4549CD6-5DDB-3F31-4213-E089BE84C151" referredColumn="2D8710FB-90AB-41C0-E826-ADC9EBD7321D"/>
</associations>
</Column>
<Column name="EMPLOYEES_employee_id" id="FA9ED505-368C-4E10-EA6E-CC6A7EE1809A">
<createdBy>user</createdBy>
<createdTime>2023-11-30 02:56:13 UTC</createdTime>
<generatorID>D926A353-1F25-46C1-E820-C3A698B4B4EF</generatorID>
<ownerDesignName>TUBES</ownerDesignName>
<useDomainConstraints>false</useDomainConstraints>
<use>1</use>
<logicalDatatype>LOGDT019</logicalDatatype>
<ownDataTypeParameters>,,</ownDataTypeParameters>
<previousColumn>false</previousColumn>
<autoIncrementCycle>false</autoIncrementCycle>
<associations>
<colAssociation fkAssociation="F176D2BB-ACCF-36A1-A565-CF889C6760A4" referredColumn="DCB02F48-9A1D-FAFE-0DCC-12FC2ADAAF4D"/>
</associations>
</Column>
</columns>
<indexes itemClass="oracle.dbtools.crest.model.design.relational.Index">
<ind_PK_UK id="7402AABB-A9EC-59AC-1EB0-F96D92B68F7E" name="EMPLOYEES_PK">
<createdBy>user</createdBy>
<createdTime>2023-11-30 02:56:13 UTC</createdTime>
<generatorID>4E40F04F-D7B7-7263-2D33-22C88D874595</generatorID>
<ownerDesignName>TUBES</ownerDesignName>
<pk>true</pk>
<indexState>Primary Constraint</indexState>
<isSurrogateKey>false</isSurrogateKey>
<indexColumnUsage>
<colUsage columnID="DCB02F48-9A1D-FAFE-0DCC-12FC2ADAAF4D"/>
</indexColumnUsage>
</ind_PK_UK>
<ind_PK_UK id="2DB343ED-E923-CC42-0F94-8CAD929A81C0" name="EMPLOYEES_JOBS_FK">
<createdBy>user</createdBy>
<createdTime>2023-11-30 02:56:13 UTC</createdTime>
<generatorID>9D2FDF41-1814-5BE6-35CA-353918A533D8</generatorID>
<ownerDesignName>TUBES</ownerDesignName>
<indexState>Foreign Key</indexState>
<isSurrogateKey>false</isSurrogateKey>
<indexColumnUsage>
<colUsage columnID="DD3376FB-42B9-3A71-1BB8-6CB12375DC84"/>
</indexColumnUsage>
</ind_PK_UK>
<ind_PK_UK id="56377BA0-CE95-D742-8FAE-C7ABCB53297A" name="EMPLOYEES_DEPARTEMENTS_FK">
<createdBy>user</createdBy>
<createdTime>2023-11-30 02:56:13 UTC</createdTime>
<generatorID>CF5B3E1A-97EF-0063-8677-681BCD27B3EE</generatorID>
<ownerDesignName>TUBES</ownerDesignName>
<indexState>Foreign Key</indexState>
<isSurrogateKey>false</isSurrogateKey>
<indexColumnUsage>
<colUsage columnID="213592EC-7F5D-F85E-B9CA-926BA8876FBF"/>
</indexColumnUsage>
</ind_PK_UK>
<ind_PK_UK id="A21FEEC9-041B-2066-B31A-2C28C7A4ECAF" name="EMPLOYEES_EMPLOYEES_FK">
<createdBy>user</createdBy>
<createdTime>2023-11-30 02:56:13 UTC</createdTime>
<generatorID>2EC86887-0B66-EBC1-F819-0F4BB6AB52E1</generatorID>
<ownerDesignName>TUBES</ownerDesignName>
<indexState>Foreign Key</indexState>
<isSurrogateKey>false</isSurrogateKey>
<indexColumnUsage>
<colUsage columnID="FA9ED505-368C-4E10-EA6E-CC6A7EE1809A"/>
</indexColumnUsage>
</ind_PK_UK>
<ind_PK_UK id="D052DB03-2C45-A0C6-35A3-4926CB553DB1" name="EMPLOYEES_PartTimers_FK">
<createdBy>user</createdBy>
<createdTime>2023-11-30 02:56:13 UTC</createdTime>
<generatorID>2C6ECB79-1C1A-E90E-BA6D-13F7EF32C662</generatorID>
<ownerDesignName>TUBES</ownerDesignName>
<indexState>Foreign Key</indexState>
<isSurrogateKey>false</isSurrogateKey>
</ind_PK_UK>
<ind_PK_UK id="87C68F1B-0771-3CFC-DB8A-E9F256FB91ED" name="EMPLOYEES_FullTimers_FK">
<createdBy>user</createdBy>
<createdTime>2023-11-30 02:56:13 UTC</createdTime>
<generatorID>433864EC-4E05-B82D-F316-3163B9A1A956</generatorID>
<ownerDesignName>TUBES</ownerDesignName>
<indexState>Foreign Key</indexState>
<isSurrogateKey>false</isSurrogateKey>
</ind_PK_UK>
</indexes>
</Table>