<?xml version = '1.0' encoding = 'UTF-8'?>
<Table class="oracle.dbtools.crest.model.design.relational.Table" directorySegmentName="seg_0" id="85705386-0709-6F3F-98E9-F33F9381FE83" name="Do_Jobs">
<createdBy>user</createdBy>
<createdTime>2023-11-30 02:56:13 UTC</createdTime>
<generatorID>8D8F86B7-1A66-756B-DBCE-C62BCB026975</generatorID>
<ownerDesignName>TUBES</ownerDesignName>
<allowColumnReorder>false</allowColumnReorder>
<existDependencyGenerateInDDl>true</existDependencyGenerateInDDl>
<parsed>true</parsed>
<columns itemClass="oracle.dbtools.crest.model.design.relational.Column">
<Column name="start_date" id="A3FCAE64-97D1-0C03-A244-83B0DFFCD922">
<createdBy>user</createdBy>
<createdTime>2023-11-30 02:56:13 UTC</createdTime>
<generatorID>4574EDC5-C0E1-30DF-9B18-9C66D1615A13</generatorID>
<ownerDesignName>TUBES</ownerDesignName>
<useDomainConstraints>false</useDomainConstraints>
<use>1</use>
<logicalDatatype>LOGDT007</logicalDatatype>
<ownDataTypeParameters>,,</ownDataTypeParameters>
<autoIncrementCycle>false</autoIncrementCycle>
</Column>
<Column name="end_date" id="19C4E5EF-9CB9-8B90-4AE1-FC3B3490C750">
<createdBy>user</createdBy>
<createdTime>2023-11-30 02:56:13 UTC</createdTime>
<generatorID>6400C751-721A-7E07-9BEC-3654BD5B4013</generatorID>
<ownerDesignName>TUBES</ownerDesignName>
<useDomainConstraints>false</useDomainConstraints>
<use>1</use>
<logicalDatatype>LOGDT007</logicalDatatype>
<ownDataTypeParameters>,,</ownDataTypeParameters>
<autoIncrementCycle>false</autoIncrementCycle>
</Column>
<Column name="JOBS_job_id" id="077A2338-4816-9334-AF80-BC93A26BCFE2">
<createdBy>user</createdBy>
<createdTime>2023-11-30 02:56:13 UTC</createdTime>
<generatorID>8289971A-47A2-0592-DB7C-E70F90E72EF9</generatorID>
<ownerDesignName>TUBES</ownerDesignName>
<useDomainConstraints>false</useDomainConstraints>
<use>1</use>
<logicalDatatype>LOGDT019</logicalDatatype>
<ownDataTypeParameters>,,</ownDataTypeParameters>
<previousColumn>false</previousColumn>
<autoIncrementCycle>false</autoIncrementCycle>
<associations>
<colAssociation fkAssociation="F94B63E5-B6A6-418B-7F49-E97C4A813B0E" referredColumn="A367B3AD-AEB4-3D16-8E66-3B2DB9F321B8"/>
</associations>
</Column>
<Column name="EMPLOYEES_employee_id" id="19E740CB-B734-1E43-D995-A0F6F8544769">
<createdBy>user</createdBy>
<createdTime>2023-11-30 02:56:13 UTC</createdTime>
<generatorID>2B54EAF0-5BE3-5C02-9939-5FDB756B7427</generatorID>
<ownerDesignName>TUBES</ownerDesignName>
<useDomainConstraints>false</useDomainConstraints>
<use>1</use>
<logicalDatatype>LOGDT019</logicalDatatype>
<ownDataTypeParameters>,,</ownDataTypeParameters>
<previousColumn>false</previousColumn>
<autoIncrementCycle>false</autoIncrementCycle>
<associations>
<colAssociation fkAssociation="6FD80E10-6F2A-87C8-EBE3-FA96B67E74FA" referredColumn="DCB02F48-9A1D-FAFE-0DCC-12FC2ADAAF4D"/>
</associations>
</Column>
<Column name="gaji" id="5E47DC0D-C1A9-6927-1EEA-A96172DF56B8">
<createdBy>user</createdBy>
<createdTime>2023-11-30 02:56:13 UTC</createdTime>
<generatorID>DD32CC80-55C5-A54B-D896-DF40C1BC573C</generatorID>
<ownerDesignName>TUBES</ownerDesignName>
<useDomainConstraints>false</useDomainConstraints>
<use>1</use>
<logicalDatatype>LOGDT019</logicalDatatype>
<ownDataTypeParameters>,,</ownDataTypeParameters>
<autoIncrementCycle>false</autoIncrementCycle>
</Column>
</columns>
<indexes itemClass="oracle.dbtools.crest.model.design.relational.Index">
<ind_PK_UK id="F6920119-1EB4-F4A1-C816-92DB971EB1FE" name="Do_Jobs_PK">
<createdBy>user</createdBy>
<createdTime>2023-11-30 02:56:13 UTC</createdTime>
<generatorID>5FE6CBA1-2CB1-7AE5-C4C4-3014292E0D86</generatorID>
<ownerDesignName>TUBES</ownerDesignName>
<pk>true</pk>
<indexState>Primary Constraint</indexState>
<isSurrogateKey>false</isSurrogateKey>
<indexColumnUsage>
<colUsage columnID="077A2338-4816-9334-AF80-BC93A26BCFE2"/>
</indexColumnUsage>
</ind_PK_UK>
<ind_PK_UK id="71C42C6E-8D76-F7FD-244E-B37E24960930" name="Do_Jobs_JOBS_FK">
<createdBy>user</createdBy>
<createdTime>2023-11-30 02:56:13 UTC</createdTime>
<generatorID>A1B55CC5-B164-B216-0EAD-80FCA70278C2</generatorID>
<ownerDesignName>TUBES</ownerDesignName>
<indexState>Foreign Key</indexState>
<isSurrogateKey>false</isSurrogateKey>
<indexColumnUsage>
<colUsage columnID="077A2338-4816-9334-AF80-BC93A26BCFE2"/>
</indexColumnUsage>
</ind_PK_UK>
<ind_PK_UK id="1D4137C6-A427-2BBC-37FA-09430E868117" name="Do_Jobs_EMPLOYEES_FK">
<createdBy>user</createdBy>
<createdTime>2023-11-30 02:56:13 UTC</createdTime>
<generatorID>A9177A84-7AC1-F923-AD19-BAB8A5F2C358</generatorID>
<ownerDesignName>TUBES</ownerDesignName>
<indexState>Foreign Key</indexState>
<isSurrogateKey>false</isSurrogateKey>
<indexColumnUsage>
<colUsage columnID="19E740CB-B734-1E43-D995-A0F6F8544769"/>
</indexColumnUsage>
</ind_PK_UK>
</indexes>
</Table>