<?xml version = '1.0' encoding = 'UTF-8'?>
<Table class="oracle.dbtools.crest.model.design.relational.Table" directorySegmentName="seg_0" id="BCE608B4-5231-BE37-5190-36353585770D" name="WareHouse">
<createdBy>user</createdBy>
<createdTime>2023-11-30 02:56:13 UTC</createdTime>
<generatorID>57CB87C1-F7FD-A465-B0C9-D752E4EE7D61</generatorID>
<ownerDesignName>TUBES</ownerDesignName>
<allowColumnReorder>false</allowColumnReorder>
<existDependencyGenerateInDDl>true</existDependencyGenerateInDDl>
<parsed>true</parsed>
<columns itemClass="oracle.dbtools.crest.model.design.relational.Column">
<Column name="warehouse_id" id="EA3C651F-4C22-EECA-A9C6-A74C1C147D87">
<createdBy>user</createdBy>
<createdTime>2023-11-30 02:56:13 UTC</createdTime>
<generatorID>65A319D3-5B07-F187-A593-4A17DEF4F792</generatorID>
<ownerDesignName>TUBES</ownerDesignName>
<useDomainConstraints>false</useDomainConstraints>
<use>1</use>
<logicalDatatype>LOGDT019</logicalDatatype>
<ownDataTypeParameters>,,</ownDataTypeParameters>
<autoIncrementCycle>false</autoIncrementCycle>
</Column>
<Column name="Luas" id="41B05F2D-9A56-82F1-40AB-21836CFEEDDC">
<createdBy>user</createdBy>
<createdTime>2023-11-30 02:56:13 UTC</createdTime>
<generatorID>47A27823-73F0-1BBA-3AD6-BA318E9B59FA</generatorID>
<ownerDesignName>TUBES</ownerDesignName>
<useDomainConstraints>false</useDomainConstraints>
<use>1</use>
<logicalDatatype>LOGDT011</logicalDatatype>
<ownDataTypeParameters>,,</ownDataTypeParameters>
<autoIncrementCycle>false</autoIncrementCycle>
</Column>
<Column name="no_telepon" id="95D9306B-4339-84BF-4415-E6F78B293ECD">
<createdBy>user</createdBy>
<createdTime>2023-11-30 02:56:13 UTC</createdTime>
<generatorID>330AC805-FEDD-CA2C-61B1-FCB15E61D591</generatorID>
<ownerDesignName>TUBES</ownerDesignName>
<useDomainConstraints>false</useDomainConstraints>
<use>1</use>
<logicalDatatype>LOGDT024</logicalDatatype>
<dataTypeSize>25</dataTypeSize>
<ownDataTypeParameters>25,,</ownDataTypeParameters>
<autoIncrementCycle>false</autoIncrementCycle>
</Column>
<Column name="DEPARTEMENTS_departement_id" id="EB423240-1B36-FC5D-2247-5DB562AC6893">
<createdBy>user</createdBy>
<createdTime>2023-11-30 02:56:13 UTC</createdTime>
<generatorID>3DF934EF-32A2-4E39-D76E-06FF40B7AEB9</generatorID>
<ownerDesignName>TUBES</ownerDesignName>
<useDomainConstraints>false</useDomainConstraints>
<use>1</use>
<logicalDatatype>LOGDT019</logicalDatatype>
<ownDataTypeParameters>,,</ownDataTypeParameters>
<previousColumn>false</previousColumn>
<autoIncrementCycle>false</autoIncrementCycle>
<associations>
<colAssociation fkAssociation="2C0CB872-4C17-83B8-673C-9FF3B8645B59" referredColumn="2D8710FB-90AB-41C0-E826-ADC9EBD7321D"/>
</associations>
</Column>
</columns>
<indexes itemClass="oracle.dbtools.crest.model.design.relational.Index">
<ind_PK_UK id="3C0A36C1-540D-0188-6B0E-9A42346A6233" name="WareHouse_PK">
<createdBy>user</createdBy>
<createdTime>2023-11-30 02:56:13 UTC</createdTime>
<generatorID>0C6F830D-7328-63B3-7551-30FA0D4466BA</generatorID>
<ownerDesignName>TUBES</ownerDesignName>
<pk>true</pk>
<indexState>Primary Constraint</indexState>
<isSurrogateKey>false</isSurrogateKey>
<indexColumnUsage>
<colUsage columnID="EA3C651F-4C22-EECA-A9C6-A74C1C147D87"/>
</indexColumnUsage>
</ind_PK_UK>
<ind_PK_UK id="E1C653CD-4C5D-0BFD-CE07-EE5EF0152BFB" name="WareHouse_DEPARTEMENTS_FK">
<createdBy>user</createdBy>
<createdTime>2023-11-30 02:56:13 UTC</createdTime>
<generatorID>4D5C4FA9-E69C-E95A-4881-C8B2228F2D5F</generatorID>
<ownerDesignName>TUBES</ownerDesignName>
<indexState>Foreign Key</indexState>
<isSurrogateKey>false</isSurrogateKey>
<indexColumnUsage>
<colUsage columnID="EB423240-1B36-FC5D-2247-5DB562AC6893"/>
</indexColumnUsage>
</ind_PK_UK>
</indexes>
</Table>