<?xml version = '1.0' encoding = 'UTF-8'?>
<Table class="oracle.dbtools.crest.model.design.relational.Table" directorySegmentName="seg_0" id="D63C7B0D-450E-E678-C4BB-F3049B8EDADA" name="FullTimers">
<createdBy>user</createdBy>
<createdTime>2023-11-30 02:56:13 UTC</createdTime>
<generatorID>A4BFE5D0-1D59-97D7-B4BD-16FD55A8DE16</generatorID>
<ownerDesignName>TUBES</ownerDesignName>
<allowColumnReorder>false</allowColumnReorder>
<existDependencyGenerateInDDl>true</existDependencyGenerateInDDl>
<parsed>true</parsed>
<columns itemClass="oracle.dbtools.crest.model.design.relational.Column">
<Column name="Grade_Golongan_golongan" id="FF0D701C-BD01-0E5D-2E45-F8C2875FC59E">
<createdBy>user</createdBy>
<createdTime>2023-11-30 02:56:13 UTC</createdTime>
<generatorID>EFBB323B-0DD1-CD72-5D36-BA1D076DDFB4</generatorID>
<ownerDesignName>TUBES</ownerDesignName>
<useDomainConstraints>false</useDomainConstraints>
<use>1</use>
<logicalDatatype>LOGDT024</logicalDatatype>
<dataTypeSize>2</dataTypeSize>
<ownDataTypeParameters>,,</ownDataTypeParameters>
<previousColumn>false</previousColumn>
<autoIncrementCycle>false</autoIncrementCycle>
<associations>
<colAssociation fkAssociation="677A0FBF-F5ED-54DB-F6E0-9A8BDA623287" referredColumn="AC5B6AB8-27AF-ED2D-4217-331629082299"/>
</associations>
</Column>
</columns>
<indexes itemClass="oracle.dbtools.crest.model.design.relational.Index">
<ind_PK_UK id="69070E0D-45BD-8730-BFA9-C2F6AC1F7C9B" name="FullTimers_PK">
<createdBy>user</createdBy>
<createdTime>2023-11-30 02:56:13 UTC</createdTime>
<generatorID>02607AB3-7BA1-9B7F-BE1A-1B5FE3CD9007</generatorID>
<ownerDesignName>TUBES</ownerDesignName>
<pk>true</pk>
<indexState>Primary Constraint</indexState>
<isSurrogateKey>false</isSurrogateKey>
</ind_PK_UK>
<ind_PK_UK id="678CC9C3-7F81-729C-4711-D1C72735D09A" name="FullTimers_Grade_Golongan_FK">
<createdBy>user</createdBy>
<createdTime>2023-11-30 02:56:13 UTC</createdTime>
<generatorID>2CBFCC0A-1F8D-B4C9-B39F-288BC6FFF659</generatorID>
<ownerDesignName>TUBES</ownerDesignName>
<indexState>Foreign Key</indexState>
<isSurrogateKey>false</isSurrogateKey>
<indexColumnUsage>
<colUsage columnID="FF0D701C-BD01-0E5D-2E45-F8C2875FC59E"/>
</indexColumnUsage>
</ind_PK_UK>
</indexes>
</Table>