<?xml version = '1.0' encoding = 'UTF-8'?>
<Table class="oracle.dbtools.crest.model.design.relational.Table" directorySegmentName="seg_0" id="D90D343C-9372-3CB0-AA7B-291025E76871" name="Machine">
<createdBy>user</createdBy>
<createdTime>2023-11-30 02:56:13 UTC</createdTime>
<generatorID>42140317-ADBA-9178-9C65-04BA164055AE</generatorID>
<ownerDesignName>TUBES</ownerDesignName>
<allowColumnReorder>false</allowColumnReorder>
<existDependencyGenerateInDDl>true</existDependencyGenerateInDDl>
<parsed>true</parsed>
<columns itemClass="oracle.dbtools.crest.model.design.relational.Column">
<Column name="machine_id" id="93EA71AE-AD35-62BD-9A71-7BCD0239A007">
<createdBy>user</createdBy>
<createdTime>2023-11-30 02:56:13 UTC</createdTime>
<generatorID>BF6341AE-97F8-3E29-7E1F-62C76887C098</generatorID>
<ownerDesignName>TUBES</ownerDesignName>
<useDomainConstraints>false</useDomainConstraints>
<use>1</use>
<logicalDatatype>LOGDT019</logicalDatatype>
<ownDataTypeParameters>,,</ownDataTypeParameters>
<autoIncrementCycle>false</autoIncrementCycle>
</Column>
<Column name="machine_name" id="499F69B9-81F8-16C9-A858-CF83B3EB866F">
<createdBy>user</createdBy>
<createdTime>2023-11-30 02:56:13 UTC</createdTime>
<generatorID>36468096-89B6-2A92-FF53-B622AB56F46F</generatorID>
<ownerDesignName>TUBES</ownerDesignName>
<useDomainConstraints>false</useDomainConstraints>
<use>1</use>
<logicalDatatype>LOGDT024</logicalDatatype>
<dataTypeSize>20</dataTypeSize>
<ownDataTypeParameters>20,,</ownDataTypeParameters>
<autoIncrementCycle>false</autoIncrementCycle>
</Column>
<Column name="EMPLOYEES_employee_id" id="F430DB67-717A-8678-24BE-6F174D2B2863">
<createdBy>user</createdBy>
<createdTime>2023-11-30 02:56:13 UTC</createdTime>
<generatorID>A13EC2DB-3FBE-1816-4776-318F8B1AA5FD</generatorID>
<ownerDesignName>TUBES</ownerDesignName>
<useDomainConstraints>false</useDomainConstraints>
<use>1</use>
<logicalDatatype>LOGDT019</logicalDatatype>
<ownDataTypeParameters>,,</ownDataTypeParameters>
<previousColumn>false</previousColumn>
<autoIncrementCycle>false</autoIncrementCycle>
<associations>
<colAssociation fkAssociation="F6696DD0-9525-F0E9-403B-1968ADECAE82" referredColumn="DCB02F48-9A1D-FAFE-0DCC-12FC2ADAAF4D"/>
</associations>
</Column>
</columns>
<indexes itemClass="oracle.dbtools.crest.model.design.relational.Index">
<ind_PK_UK id="1B5C1D13-D179-CC76-46BB-6FD745E6B941" name="Machine_PK">
<createdBy>user</createdBy>
<createdTime>2023-11-30 02:56:13 UTC</createdTime>
<generatorID>90975537-7EB3-B400-85C2-341DFB128534</generatorID>
<ownerDesignName>TUBES</ownerDesignName>
<pk>true</pk>
<indexState>Primary Constraint</indexState>
<isSurrogateKey>false</isSurrogateKey>
<indexColumnUsage>
<colUsage columnID="93EA71AE-AD35-62BD-9A71-7BCD0239A007"/>
</indexColumnUsage>
</ind_PK_UK>
<ind_PK_UK id="B918849C-499C-9D66-4B84-32D293E83D4F" name="Machine_EMPLOYEES_FK">
<createdBy>user</createdBy>
<createdTime>2023-11-30 02:56:13 UTC</createdTime>
<generatorID>8128F7E9-D6B4-1225-CF44-08EB07395B10</generatorID>
<ownerDesignName>TUBES</ownerDesignName>
<indexState>Foreign Key</indexState>
<isSurrogateKey>false</isSurrogateKey>
<indexColumnUsage>
<colUsage columnID="F430DB67-717A-8678-24BE-6F174D2B2863"/>
</indexColumnUsage>
</ind_PK_UK>
</indexes>
</Table>