<?xml version = '1.0' encoding = 'UTF-8'?>
<Table class="oracle.dbtools.crest.model.design.relational.Table" directorySegmentName="seg_0" id="17C31651-32B0-5AD9-0D79-39FC705BB38D" name="Machine_Log">
<createdBy>user</createdBy>
<createdTime>2023-11-23 12:30:26 UTC</createdTime>
<generatorID>546C0C87-3EAA-9B40-EFBC-8BCC3B77A2A5</generatorID>
<ownerDesignName>TUBES</ownerDesignName>
<allowColumnReorder>false</allowColumnReorder>
<existDependencyGenerateInDDl>true</existDependencyGenerateInDDl>
<parsed>true</parsed>
<columns itemClass="oracle.dbtools.crest.model.design.relational.Column">
<Column name="Log_id" id="475A5CCC-047A-992E-096F-D949E2575270">
<createdBy>user</createdBy>
<createdTime>2023-11-23 12:30:26 UTC</createdTime>
<generatorID>86D0B0DD-349B-0843-BA45-08E0FDDD72C4</generatorID>
<ownerDesignName>TUBES</ownerDesignName>
<useDomainConstraints>false</useDomainConstraints>
<use>1</use>
<logicalDatatype>LOGDT019</logicalDatatype>
<ownDataTypeParameters>,,</ownDataTypeParameters>
<autoIncrementCycle>false</autoIncrementCycle>
</Column>
<Column name="tanggal_kerusakan" id="A479BEEA-AB57-24A9-F017-E0DF23600847">
<createdBy>user</createdBy>
<createdTime>2023-11-23 12:30:26 UTC</createdTime>
<generatorID>D2425F4E-BCC8-EC11-B466-EF74D7B2D219</generatorID>
<ownerDesignName>TUBES</ownerDesignName>
<useDomainConstraints>false</useDomainConstraints>
<use>1</use>
<logicalDatatype>LOGDT007</logicalDatatype>
<ownDataTypeParameters>,,</ownDataTypeParameters>
<autoIncrementCycle>false</autoIncrementCycle>
</Column>
<Column name="statement_letter" id="BA0B9A17-804F-8F31-33EA-A4EE7D4BEADE">
<createdBy>user</createdBy>
<createdTime>2023-11-23 12:30:26 UTC</createdTime>
<generatorID>0509A008-F357-4D26-6515-153A4C066271</generatorID>
<ownerDesignName>TUBES</ownerDesignName>
<useDomainConstraints>false</useDomainConstraints>
<use>1</use>
<logicalDatatype>LOGDT024</logicalDatatype>
<dataTypeSize>25</dataTypeSize>
<ownDataTypeParameters>25,,</ownDataTypeParameters>
<autoIncrementCycle>false</autoIncrementCycle>
</Column>
<Column name="status" id="C3A96CF9-EF3C-997E-F1ED-0886BC6E4BF8">
<createdBy>user</createdBy>
<createdTime>2023-11-23 12:30:26 UTC</createdTime>
<generatorID>7E17168E-FB19-002D-9689-0D6343E95F16</generatorID>
<ownerDesignName>TUBES</ownerDesignName>
<useDomainConstraints>false</useDomainConstraints>
<use>1</use>
<logicalDatatype>LOGDT024</logicalDatatype>
<dataTypeSize>15</dataTypeSize>
<ownDataTypeParameters>15,,</ownDataTypeParameters>
<autoIncrementCycle>false</autoIncrementCycle>
</Column>
<Column name="Machine_machine_id" id="4E160809-D2D7-07B3-6DAA-9E4518DD8876">
<createdBy>user</createdBy>
<createdTime>2023-11-23 12:30:26 UTC</createdTime>
<generatorID>75C4AB76-6679-F80B-20C9-06BCD7770A22</generatorID>
<ownerDesignName>TUBES</ownerDesignName>
<useDomainConstraints>false</useDomainConstraints>
<use>1</use>
<logicalDatatype>LOGDT019</logicalDatatype>
<ownDataTypeParameters>,,</ownDataTypeParameters>
<previousColumn>false</previousColumn>
<autoIncrementCycle>false</autoIncrementCycle>
<associations>
<colAssociation fkAssociation="BFD206B6-6391-5289-9AC1-15D65A466F61" referredColumn="4CF430E8-D4EC-60CD-F4BE-C4D363B0DAEF"/>
</associations>
</Column>
</columns>
<indexes itemClass="oracle.dbtools.crest.model.design.relational.Index">
<ind_PK_UK id="CFB54605-DF7E-767E-9B17-AC99A01347BC" name="Machine_Log_PK">
<createdBy>user</createdBy>
<createdTime>2023-11-23 12:30:26 UTC</createdTime>
<generatorID>D71FF89E-CDFD-C3B0-D449-D4A19F92B2CE</generatorID>
<ownerDesignName>TUBES</ownerDesignName>
<pk>true</pk>
<indexState>Primary Constraint</indexState>
<isSurrogateKey>false</isSurrogateKey>
<indexColumnUsage>
<colUsage columnID="475A5CCC-047A-992E-096F-D949E2575270"/>
</indexColumnUsage>
</ind_PK_UK>
<ind_PK_UK id="B57A6E48-69CF-CF00-985E-07FEA974B7FF" name="Machine_Log__IDX">
<createdBy>user</createdBy>
<createdTime>2023-11-23 12:30:26 UTC</createdTime>
<ownerDesignName>TUBES</ownerDesignName>
<indexState>Unique Plain Index</indexState>
<isSurrogateKey>false</isSurrogateKey>
<relationGeneratorID>0D7F650C-6B97-6070-3943-5B3BDFB6580D</relationGeneratorID>
<indexColumnUsage>
<colUsage columnID="4E160809-D2D7-07B3-6DAA-9E4518DD8876"/>
</indexColumnUsage>
</ind_PK_UK>
<ind_PK_UK id="43F462B0-77F1-6B27-6506-598977DA5DF1" name="Machine_Log_Machine_FK">
<createdBy>user</createdBy>
<createdTime>2023-11-23 12:30:26 UTC</createdTime>
<generatorID>0D7F650C-6B97-6070-3943-5B3BDFB6580D</generatorID>
<ownerDesignName>TUBES</ownerDesignName>
<indexState>Foreign Key</indexState>
<isSurrogateKey>false</isSurrogateKey>
<indexColumnUsage>
<colUsage columnID="4E160809-D2D7-07B3-6DAA-9E4518DD8876"/>
</indexColumnUsage>
</ind_PK_UK>
</indexes>
</Table>