<?xml version = '1.0' encoding = 'UTF-8'?>
<Table class="oracle.dbtools.crest.model.design.relational.Table" directorySegmentName="seg_0" id="23F5B44B-0739-5F9C-85B5-90FA2F75B1F0" name="PartTimers">
<createdBy>user</createdBy>
<createdTime>2023-11-22 14:19:52 UTC</createdTime>
<generatorID>9F7945EB-72D3-4058-CA66-F5ECF25F31DA</generatorID>
<ownerDesignName>TUBES</ownerDesignName>
<allowColumnReorder>false</allowColumnReorder>
<existDependencyGenerateInDDl>true</existDependencyGenerateInDDl>
<parsed>true</parsed>
<columns itemClass="oracle.dbtools.crest.model.design.relational.Column">
<Column name="Kualifikasi" id="0F5BBD08-1287-BD0C-6B36-4AFBCB075227">
<createdBy>user</createdBy>
<createdTime>2023-11-22 14:19:52 UTC</createdTime>
<generatorID>D6128FB2-B764-5E15-38C1-0196FF43A327</generatorID>
<ownerDesignName>TUBES</ownerDesignName>
<useDomainConstraints>false</useDomainConstraints>
<use>1</use>
<logicalDatatype>LOGDT024</logicalDatatype>
<dataTypeSize>12</dataTypeSize>
<ownDataTypeParameters>12,,</ownDataTypeParameters>
<autoIncrementCycle>false</autoIncrementCycle>
</Column>
<Column name="Payment_hour" id="CCECAA27-B6A1-1E60-C9D2-869D93493C0B">
<createdBy>user</createdBy>
<createdTime>2023-11-22 14:19:52 UTC</createdTime>
<generatorID>5C72E115-2C6C-15CD-3FC9-CABF042BF363</generatorID>
<ownerDesignName>TUBES</ownerDesignName>
<useDomainConstraints>false</useDomainConstraints>
<use>1</use>
<logicalDatatype>LOGDT019</logicalDatatype>
<ownDataTypeParameters>,,</ownDataTypeParameters>
<autoIncrementCycle>false</autoIncrementCycle>
</Column>
<Column name="EMPLOYEES_employee_id" id="7E1A368E-38EC-080B-7CBF-0217DD51817B">
<createdBy>user</createdBy>
<createdTime>2023-11-23 11:15:36 UTC</createdTime>
<generatorID>B18AD7AA-1D82-CE61-447E-A074CD96CEF9</generatorID>
<ownerDesignName>TUBES</ownerDesignName>
<useDomainConstraints>false</useDomainConstraints>
<use>1</use>
<logicalDatatype>LOGDT019</logicalDatatype>
<ownDataTypeParameters>,,</ownDataTypeParameters>
<previousColumn>false</previousColumn>
<autoIncrementCycle>false</autoIncrementCycle>
<associations>
<colAssociation fkAssociation="1312F73E-70EF-55E9-D566-8B7062B7B084" referredColumn="CC170F69-E2C4-5502-094A-6F303A22B3CC"/>
</associations>
</Column>
</columns>
<indexes itemClass="oracle.dbtools.crest.model.design.relational.Index">
<ind_PK_UK id="07AED134-FA3F-86C9-6BFD-AB88F9537312" name="PartTimers_PK">
<createdBy>user</createdBy>
<createdTime>2023-11-22 14:19:52 UTC</createdTime>
<generatorID>A2857AA9-E851-0F0C-A251-FEBC9CC04573</generatorID>
<ownerDesignName>TUBES</ownerDesignName>
<pk>true</pk>
<indexState>Primary Constraint</indexState>
<isSurrogateKey>false</isSurrogateKey>
<indexColumnUsage>
<colUsage columnID="7E1A368E-38EC-080B-7CBF-0217DD51817B"/>
</indexColumnUsage>
</ind_PK_UK>
<ind_PK_UK id="28C53EEB-213D-02C4-49B0-ED5676F07BAF" name="PartTimers_EMPLOYEES_FK">
<createdBy>user</createdBy>
<createdTime>2023-11-23 11:15:36 UTC</createdTime>
<generatorID>40AC4F66-3A67-43DA-3A0A-5BCEAF7950B5</generatorID>
<ownerDesignName>TUBES</ownerDesignName>
<indexState>Foreign Key</indexState>
<isSurrogateKey>false</isSurrogateKey>
<indexColumnUsage>
<colUsage columnID="7E1A368E-38EC-080B-7CBF-0217DD51817B"/>
</indexColumnUsage>
</ind_PK_UK>
</indexes>
</Table>