<?xml version = '1.0' encoding = 'UTF-8'?>
<Table class="oracle.dbtools.crest.model.design.relational.Table" directorySegmentName="seg_0" id="3AE75F56-E461-4CDA-808B-87CE6966B7A2" name="COUNTRIES">
<createdBy>user</createdBy>
<createdTime>2023-09-12 07:50:38 UTC</createdTime>
<generatorID>B27B63F5-A004-E3F0-1861-E02F73AC96C7</generatorID>
<ownerDesignName>TUBES</ownerDesignName>
<allowColumnReorder>false</allowColumnReorder>
<existDependencyGenerateInDDl>true</existDependencyGenerateInDDl>
<parsed>true</parsed>
<columns itemClass="oracle.dbtools.crest.model.design.relational.Column">
<Column name="country_id" id="5D668AB6-D25E-4D70-508F-BFCEB16882CF">
<createdBy>user</createdBy>
<createdTime>2023-09-12 07:50:38 UTC</createdTime>
<generatorID>DA524391-7838-C85A-5ACD-CA487181DFE7</generatorID>
<ownerDesignName>TUBES</ownerDesignName>
<useDomainConstraints>false</useDomainConstraints>
<use>1</use>
<logicalDatatype>LOGDT019</logicalDatatype>
<ownDataTypeParameters>,,</ownDataTypeParameters>
<autoIncrementCycle>false</autoIncrementCycle>
</Column>
<Column name="country_name" id="78874A87-9F9A-3D10-3649-752B0FC56240">
<createdBy>user</createdBy>
<createdTime>2023-09-12 07:50:38 UTC</createdTime>
<generatorID>4C68BDE6-9C14-128D-0A72-F2CBDEB0DCAE</generatorID>
<ownerDesignName>TUBES</ownerDesignName>
<useDomainConstraints>false</useDomainConstraints>
<use>1</use>
<logicalDatatype>A3A3C77D-0366-9768-FF89-1C25E56881C8</logicalDatatype>
<dataTypeSize>25</dataTypeSize>
<ownDataTypeParameters>25,,</ownDataTypeParameters>
<autoIncrementCycle>false</autoIncrementCycle>
</Column>
<Column name="REGION_region_id" id="0C047ABD-1D9B-C9D5-51A3-8199133C3B00">
<createdBy>user</createdBy>
<createdTime>2023-09-12 07:50:38 UTC</createdTime>
<generatorID>BDA5CB5F-340D-28A2-F4B8-586ADA6853C9</generatorID>
<ownerDesignName>TUBES</ownerDesignName>
<useDomainConstraints>false</useDomainConstraints>
<use>1</use>
<logicalDatatype>LOGDT019</logicalDatatype>
<ownDataTypeParameters>,,</ownDataTypeParameters>
<previousColumn>false</previousColumn>
<autoIncrementCycle>false</autoIncrementCycle>
<associations>
<colAssociation fkAssociation="00E18991-2B06-4D91-5C33-4EB40F3F25B8" referredColumn="427CF78E-6F65-3256-AB98-5B9AB1CF8284"/>
</associations>
</Column>
</columns>
<indexes itemClass="oracle.dbtools.crest.model.design.relational.Index">
<ind_PK_UK id="47537B0E-3ED7-4DDB-97AC-512DB20DD478" name="COUNTRIES_PK">
<createdBy>user</createdBy>
<createdTime>2023-09-12 07:50:38 UTC</createdTime>
<generatorID>AC237E1F-B04D-93B1-7652-24D06E16FD18</generatorID>
<ownerDesignName>TUBES</ownerDesignName>
<pk>true</pk>
<indexState>Primary Constraint</indexState>
<isSurrogateKey>false</isSurrogateKey>
<indexColumnUsage>
<colUsage columnID="5D668AB6-D25E-4D70-508F-BFCEB16882CF"/>
</indexColumnUsage>
</ind_PK_UK>
<ind_PK_UK id="DEB56D5C-7E4E-F6C3-83DD-5166159E7EAB" name="COUNTRIES_REGION_FK">
<createdBy>user</createdBy>
<createdTime>2023-09-12 07:50:38 UTC</createdTime>
<generatorID>FA2144A6-3E09-D123-E7C1-588E14D69F18</generatorID>
<ownerDesignName>TUBES</ownerDesignName>
<indexState>Foreign Key</indexState>
<isSurrogateKey>false</isSurrogateKey>
<indexColumnUsage>
<colUsage columnID="0C047ABD-1D9B-C9D5-51A3-8199133C3B00"/>
</indexColumnUsage>
</ind_PK_UK>
</indexes>
</Table>