<?xml version = '1.0' encoding = 'UTF-8'?>
<Table class="oracle.dbtools.crest.model.design.relational.Table" directorySegmentName="seg_0" id="498C7353-D425-3275-7BBE-5811F4BDDB91" name="Do_Jobs">
<createdBy>user</createdBy>
<createdTime>2023-09-12 07:50:38 UTC</createdTime>
<generatorID>8D8F86B7-1A66-756B-DBCE-C62BCB026975</generatorID>
<ownerDesignName>TUBES</ownerDesignName>
<allowColumnReorder>false</allowColumnReorder>
<existDependencyGenerateInDDl>true</existDependencyGenerateInDDl>
<parsed>true</parsed>
<columns itemClass="oracle.dbtools.crest.model.design.relational.Column">
<Column name="start_date" id="B0D39E95-1535-F6E4-3A3E-4683A1D8B995">
<createdBy>user</createdBy>
<createdTime>2023-09-12 07:50:38 UTC</createdTime>
<generatorID>4574EDC5-C0E1-30DF-9B18-9C66D1615A13</generatorID>
<ownerDesignName>TUBES</ownerDesignName>
<useDomainConstraints>false</useDomainConstraints>
<use>1</use>
<logicalDatatype>LOGDT007</logicalDatatype>
<ownDataTypeParameters>,,</ownDataTypeParameters>
<autoIncrementCycle>false</autoIncrementCycle>
</Column>
<Column name="end_date" id="CA2E3F58-5BC2-AB36-F4AC-FCA5F55ACC46">
<createdBy>user</createdBy>
<createdTime>2023-09-12 07:50:38 UTC</createdTime>
<generatorID>6400C751-721A-7E07-9BEC-3654BD5B4013</generatorID>
<ownerDesignName>TUBES</ownerDesignName>
<useDomainConstraints>false</useDomainConstraints>
<use>1</use>
<logicalDatatype>LOGDT007</logicalDatatype>
<ownDataTypeParameters>,,</ownDataTypeParameters>
<autoIncrementCycle>false</autoIncrementCycle>
</Column>
<Column name="DEPARTEMENTS_departement_id" id="7B1D10E6-44A0-8D5B-60D2-762E5072F7FF">
<createdBy>user</createdBy>
<createdTime>2023-09-12 07:50:38 UTC</createdTime>
<generatorID>06D73E29-BE9F-300C-8B60-0D7EA45B0ED4</generatorID>
<ownerDesignName>TUBES</ownerDesignName>
<useDomainConstraints>false</useDomainConstraints>
<use>1</use>
<logicalDatatype>LOGDT019</logicalDatatype>
<ownDataTypeParameters>,,</ownDataTypeParameters>
<previousColumn>false</previousColumn>
<autoIncrementCycle>false</autoIncrementCycle>
<associations>
<colAssociation fkAssociation="1FD560DE-A6A9-961B-7E2D-CC25731B6A76" referredColumn="D7BB153E-FC48-9408-8060-719BD14D8BB8"/>
</associations>
</Column>
<Column name="JOBS_job_id" id="68AF4930-B85B-FF5B-9328-C206E64C180F">
<createdBy>user</createdBy>
<createdTime>2023-09-12 07:50:38 UTC</createdTime>
<generatorID>8289971A-47A2-0592-DB7C-E70F90E72EF9</generatorID>
<ownerDesignName>TUBES</ownerDesignName>
<useDomainConstraints>false</useDomainConstraints>
<use>1</use>
<logicalDatatype>LOGDT019</logicalDatatype>
<ownDataTypeParameters>,,</ownDataTypeParameters>
<previousColumn>false</previousColumn>
<autoIncrementCycle>false</autoIncrementCycle>
<associations>
<colAssociation fkAssociation="DFAD041E-2B10-BE85-FBC8-477BE364D68C" referredColumn="D264FDC2-1739-07C3-1298-BA2778760425"/>
</associations>
</Column>
<Column name="EMPLOYEES_employee_id" id="96D1388E-06EC-F090-1E10-F09DF787CDEC">
<createdBy>user</createdBy>
<createdTime>2023-09-12 07:50:38 UTC</createdTime>
<generatorID>2B54EAF0-5BE3-5C02-9939-5FDB756B7427</generatorID>
<ownerDesignName>TUBES</ownerDesignName>
<useDomainConstraints>false</useDomainConstraints>
<use>1</use>
<logicalDatatype>LOGDT019</logicalDatatype>
<ownDataTypeParameters>,,</ownDataTypeParameters>
<previousColumn>false</previousColumn>
<autoIncrementCycle>false</autoIncrementCycle>
<associations>
<colAssociation fkAssociation="F42913A2-518F-A50C-9D28-ECAC85F08C66" referredColumn="CC170F69-E2C4-5502-094A-6F303A22B3CC"/>
</associations>
</Column>
<Column name="gaji" id="9B6FF1E4-D31A-5D44-74D7-AD3A9631E0C8">
<createdBy>user</createdBy>
<createdTime>2023-11-23 11:15:36 UTC</createdTime>
<generatorID>DD32CC80-55C5-A54B-D896-DF40C1BC573C</generatorID>
<ownerDesignName>TUBES</ownerDesignName>
<useDomainConstraints>false</useDomainConstraints>
<use>1</use>
<logicalDatatype>LOGDT019</logicalDatatype>
<ownDataTypeParameters>,,</ownDataTypeParameters>
<autoIncrementCycle>false</autoIncrementCycle>
</Column>
</columns>
<indexes itemClass="oracle.dbtools.crest.model.design.relational.Index">
<ind_PK_UK id="CC1770FE-A76A-24EB-75AF-376E7B77333A" name="JOB_HISTORY_PK">
<createdBy>user</createdBy>
<createdTime>2023-09-12 07:50:38 UTC</createdTime>
<generatorID>5FE6CBA1-2CB1-7AE5-C4C4-3014292E0D86</generatorID>
<ownerDesignName>TUBES</ownerDesignName>
<pk>true</pk>
<indexState>Primary Constraint</indexState>
<isSurrogateKey>false</isSurrogateKey>
<indexColumnUsage>
<colUsage columnID="68AF4930-B85B-FF5B-9328-C206E64C180F"/>
</indexColumnUsage>
</ind_PK_UK>
<ind_PK_UK id="114973D1-7C20-409F-3C8E-9E500B1B291A" name="JOB_HISTORY_DEPARTEMENTS_FK">
<createdBy>user</createdBy>
<createdTime>2023-09-12 07:50:38 UTC</createdTime>
<generatorID>C048914A-4AB9-7C7D-E20A-65D497855C4D</generatorID>
<ownerDesignName>TUBES</ownerDesignName>
<indexState>Foreign Key</indexState>
<isSurrogateKey>false</isSurrogateKey>
<indexColumnUsage>
<colUsage columnID="7B1D10E6-44A0-8D5B-60D2-762E5072F7FF"/>
</indexColumnUsage>
</ind_PK_UK>
<ind_PK_UK id="8C4498E1-9427-D9E8-41B4-9BA3B67F8286" name="Do_Jobs_JOBS_FK">
<createdBy>user</createdBy>
<createdTime>2023-09-12 07:50:38 UTC</createdTime>
<generatorID>A1B55CC5-B164-B216-0EAD-80FCA70278C2</generatorID>
<ownerDesignName>TUBES</ownerDesignName>
<indexState>Foreign Key</indexState>
<isSurrogateKey>false</isSurrogateKey>
<indexColumnUsage>
<colUsage columnID="68AF4930-B85B-FF5B-9328-C206E64C180F"/>
</indexColumnUsage>
</ind_PK_UK>
<ind_PK_UK id="184563C2-04FB-574D-ABE2-BE410453D3B7" name="Do_Jobs_EMPLOYEES_FK">
<createdBy>user</createdBy>
<createdTime>2023-09-12 07:50:38 UTC</createdTime>
<generatorID>A9177A84-7AC1-F923-AD19-BAB8A5F2C358</generatorID>
<ownerDesignName>TUBES</ownerDesignName>
<indexState>Foreign Key</indexState>
<isSurrogateKey>false</isSurrogateKey>
<indexColumnUsage>
<colUsage columnID="96D1388E-06EC-F090-1E10-F09DF787CDEC"/>
</indexColumnUsage>
</ind_PK_UK>
</indexes>
</Table>