<?xml version = '1.0' encoding = 'UTF-8'?>
<Table class="oracle.dbtools.crest.model.design.relational.Table" directorySegmentName="seg_0" id="5570266F-6221-95C2-5050-B44B278C0CA3" name="FullTimers">
<createdBy>user</createdBy>
<createdTime>2023-11-22 14:19:52 UTC</createdTime>
<generatorID>A4BFE5D0-1D59-97D7-B4BD-16FD55A8DE16</generatorID>
<ownerDesignName>TUBES</ownerDesignName>
<allowColumnReorder>false</allowColumnReorder>
<existDependencyGenerateInDDl>true</existDependencyGenerateInDDl>
<parsed>true</parsed>
<columns itemClass="oracle.dbtools.crest.model.design.relational.Column">
<Column name="EMPLOYEES_employee_id" id="6CA9B8B7-0DCA-3EF7-7B7E-97E20E9453BE">
<createdBy>user</createdBy>
<createdTime>2023-11-23 11:15:36 UTC</createdTime>
<generatorID>1A72D6B5-053F-90D3-5ABC-EB4CD2227C6E</generatorID>
<ownerDesignName>TUBES</ownerDesignName>
<useDomainConstraints>false</useDomainConstraints>
<use>1</use>
<logicalDatatype>LOGDT019</logicalDatatype>
<ownDataTypeParameters>,,</ownDataTypeParameters>
<previousColumn>false</previousColumn>
<autoIncrementCycle>false</autoIncrementCycle>
<associations>
<colAssociation fkAssociation="4CD63C3E-693E-7AFC-7FF5-D2F51B2B79AD" referredColumn="CC170F69-E2C4-5502-094A-6F303A22B3CC"/>
</associations>
</Column>
<Column name="Grade_Golongan_golongan" id="329BD671-90E3-A624-9F56-28ADF19DAC5A">
<createdBy>user</createdBy>
<createdTime>2023-11-23 11:15:36 UTC</createdTime>
<generatorID>EFBB323B-0DD1-CD72-5D36-BA1D076DDFB4</generatorID>
<ownerDesignName>TUBES</ownerDesignName>
<useDomainConstraints>false</useDomainConstraints>
<use>1</use>
<logicalDatatype>LOGDT024</logicalDatatype>
<dataTypeSize>2</dataTypeSize>
<ownDataTypeParameters>2,,</ownDataTypeParameters>
<previousColumn>false</previousColumn>
<autoIncrementCycle>false</autoIncrementCycle>
<associations>
<colAssociation fkAssociation="FF61B3E8-02E8-6E23-0374-372A4E0F00BB" referredColumn="896EC430-DB8C-E7EF-0AD1-F38A3EE8BFFF"/>
</associations>
</Column>
</columns>
<indexes itemClass="oracle.dbtools.crest.model.design.relational.Index">
<ind_PK_UK id="F41923DF-DC33-471A-87F9-6371FE7D1AE3" name="FullTimers_PK">
<createdBy>user</createdBy>
<createdTime>2023-11-22 14:19:52 UTC</createdTime>
<generatorID>02607AB3-7BA1-9B7F-BE1A-1B5FE3CD9007</generatorID>
<ownerDesignName>TUBES</ownerDesignName>
<pk>true</pk>
<indexState>Primary Constraint</indexState>
<isSurrogateKey>false</isSurrogateKey>
<indexColumnUsage>
<colUsage columnID="6CA9B8B7-0DCA-3EF7-7B7E-97E20E9453BE"/>
</indexColumnUsage>
</ind_PK_UK>
<ind_PK_UK id="17C1C9D1-4E1D-0117-053C-3C6F35708B21" name="FullTimers_EMPLOYEES_FK">
<createdBy>user</createdBy>
<createdTime>2023-11-23 11:15:37 UTC</createdTime>
<generatorID>6E0AD38F-DCCD-71AF-C851-3A45C0C77B67</generatorID>
<ownerDesignName>TUBES</ownerDesignName>
<indexState>Foreign Key</indexState>
<isSurrogateKey>false</isSurrogateKey>
<indexColumnUsage>
<colUsage columnID="6CA9B8B7-0DCA-3EF7-7B7E-97E20E9453BE"/>
</indexColumnUsage>
</ind_PK_UK>
<ind_PK_UK id="7830FE4D-9990-E105-1284-47F627C8875A" name="FullTimers_Grade_Golongan_FK">
<createdBy>user</createdBy>
<createdTime>2023-11-23 11:15:37 UTC</createdTime>
<generatorID>2CBFCC0A-1F8D-B4C9-B39F-288BC6FFF659</generatorID>
<ownerDesignName>TUBES</ownerDesignName>
<indexState>Foreign Key</indexState>
<isSurrogateKey>false</isSurrogateKey>
<indexColumnUsage>
<colUsage columnID="329BD671-90E3-A624-9F56-28ADF19DAC5A"/>
</indexColumnUsage>
</ind_PK_UK>
</indexes>
</Table>