<?xml version = '1.0' encoding = 'UTF-8'?>
<Table class="oracle.dbtools.crest.model.design.relational.Table" directorySegmentName="seg_0" id="5AE01386-102B-B5D8-173C-68636F8BEFE6" name="Grade_Golongan">
<createdBy>user</createdBy>
<createdTime>2023-11-23 11:15:36 UTC</createdTime>
<generatorID>F442498A-C355-608F-8719-65440B76867F</generatorID>
<ownerDesignName>TUBES</ownerDesignName>
<allowColumnReorder>false</allowColumnReorder>
<existDependencyGenerateInDDl>true</existDependencyGenerateInDDl>
<parsed>true</parsed>
<columns itemClass="oracle.dbtools.crest.model.design.relational.Column">
<Column name="golongan" id="896EC430-DB8C-E7EF-0AD1-F38A3EE8BFFF">
<createdBy>user</createdBy>
<createdTime>2023-11-23 11:15:36 UTC</createdTime>
<generatorID>D67E5CD3-85BB-2280-3A5E-FDBA9C429F6F</generatorID>
<ownerDesignName>TUBES</ownerDesignName>
<useDomainConstraints>false</useDomainConstraints>
<use>1</use>
<logicalDatatype>LOGDT024</logicalDatatype>
<dataTypeSize>2</dataTypeSize>
<ownDataTypeParameters>2,,</ownDataTypeParameters>
<autoIncrementCycle>false</autoIncrementCycle>
</Column>
<Column name="pengali" id="57DF4B3F-4331-F5CF-5BAE-CD4D05CEF956">
<createdBy>user</createdBy>
<createdTime>2023-11-23 11:15:36 UTC</createdTime>
<generatorID>8858F774-FA16-5100-BBBF-C3DF09CDE88E</generatorID>
<ownerDesignName>TUBES</ownerDesignName>
<useDomainConstraints>false</useDomainConstraints>
<use>1</use>
<logicalDatatype>LOGDT021</logicalDatatype>
<ownDataTypeParameters>,,</ownDataTypeParameters>
<autoIncrementCycle>false</autoIncrementCycle>
</Column>
</columns>
<indexes itemClass="oracle.dbtools.crest.model.design.relational.Index">
<ind_PK_UK id="27E68D53-4D02-6AA1-A334-5FDD757C33A5" name="Grade_Golongan_PK">
<createdBy>user</createdBy>
<createdTime>2023-11-23 11:15:36 UTC</createdTime>
<generatorID>C748147F-6A0B-CB4C-ABBC-1843C0BA9D94</generatorID>
<ownerDesignName>TUBES</ownerDesignName>
<pk>true</pk>
<indexState>Primary Constraint</indexState>
<isSurrogateKey>false</isSurrogateKey>
<indexColumnUsage>
<colUsage columnID="896EC430-DB8C-E7EF-0AD1-F38A3EE8BFFF"/>
</indexColumnUsage>
</ind_PK_UK>
</indexes>
</Table>