<?xml version = '1.0' encoding = 'UTF-8'?>
<Table class="oracle.dbtools.crest.model.design.relational.Table" directorySegmentName="seg_0" id="6731FD21-166B-6A19-DB54-45298F4DFADE" name="WareHouse">
<createdBy>user</createdBy>
<createdTime>2023-11-22 14:19:52 UTC</createdTime>
<generatorID>57CB87C1-F7FD-A465-B0C9-D752E4EE7D61</generatorID>
<ownerDesignName>TUBES</ownerDesignName>
<allowColumnReorder>false</allowColumnReorder>
<existDependencyGenerateInDDl>true</existDependencyGenerateInDDl>
<parsed>true</parsed>
<columns itemClass="oracle.dbtools.crest.model.design.relational.Column">
<Column name="warehouse_id" id="F4F1D8C0-6913-A609-D486-6418EB33CC3B">
<createdBy>user</createdBy>
<createdTime>2023-11-22 14:19:52 UTC</createdTime>
<generatorID>65A319D3-5B07-F187-A593-4A17DEF4F792</generatorID>
<ownerDesignName>TUBES</ownerDesignName>
<useDomainConstraints>false</useDomainConstraints>
<use>1</use>
<logicalDatatype>LOGDT019</logicalDatatype>
<ownDataTypeParameters>,,</ownDataTypeParameters>
<autoIncrementCycle>false</autoIncrementCycle>
</Column>
<Column name="Luas" id="3D0E1C31-BC94-A2DD-85D7-24969D872A84">
<createdBy>user</createdBy>
<createdTime>2023-11-22 14:19:52 UTC</createdTime>
<generatorID>47A27823-73F0-1BBA-3AD6-BA318E9B59FA</generatorID>
<ownerDesignName>TUBES</ownerDesignName>
<useDomainConstraints>false</useDomainConstraints>
<use>1</use>
<logicalDatatype>LOGDT011</logicalDatatype>
<ownDataTypeParameters>,,</ownDataTypeParameters>
<autoIncrementCycle>false</autoIncrementCycle>
</Column>
<Column name="no_telepon" id="B71D7E73-41FB-2121-2C22-E257CA295747">
<createdBy>user</createdBy>
<createdTime>2023-11-22 14:19:52 UTC</createdTime>
<generatorID>330AC805-FEDD-CA2C-61B1-FCB15E61D591</generatorID>
<ownerDesignName>TUBES</ownerDesignName>
<useDomainConstraints>false</useDomainConstraints>
<use>1</use>
<logicalDatatype>LOGDT024</logicalDatatype>
<dataTypeSize>25</dataTypeSize>
<ownDataTypeParameters>25,,</ownDataTypeParameters>
<autoIncrementCycle>false</autoIncrementCycle>
</Column>
<Column name="DEPARTEMENTS_departement_id" id="C0B51C80-AFF1-D9A2-586A-993CDA0693C4">
<createdBy>user</createdBy>
<createdTime>2023-11-22 14:19:52 UTC</createdTime>
<generatorID>3DF934EF-32A2-4E39-D76E-06FF40B7AEB9</generatorID>
<ownerDesignName>TUBES</ownerDesignName>
<useDomainConstraints>false</useDomainConstraints>
<use>1</use>
<logicalDatatype>LOGDT019</logicalDatatype>
<ownDataTypeParameters>,,</ownDataTypeParameters>
<previousColumn>false</previousColumn>
<autoIncrementCycle>false</autoIncrementCycle>
<associations>
<colAssociation fkAssociation="B2A7D911-50DF-4F01-DF37-E37F142305F6" referredColumn="D7BB153E-FC48-9408-8060-719BD14D8BB8"/>
</associations>
</Column>
</columns>
<indexes itemClass="oracle.dbtools.crest.model.design.relational.Index">
<ind_PK_UK id="54DDA255-4AEC-CE57-81F7-250DB09CA8DB" name="WareHouse_PK">
<createdBy>user</createdBy>
<createdTime>2023-11-22 14:19:52 UTC</createdTime>
<generatorID>0C6F830D-7328-63B3-7551-30FA0D4466BA</generatorID>
<ownerDesignName>TUBES</ownerDesignName>
<pk>true</pk>
<indexState>Primary Constraint</indexState>
<isSurrogateKey>false</isSurrogateKey>
<indexColumnUsage>
<colUsage columnID="F4F1D8C0-6913-A609-D486-6418EB33CC3B"/>
</indexColumnUsage>
</ind_PK_UK>
<ind_PK_UK id="5229260E-5482-8E98-C6AE-D3D30484ABD9" name="WareHouse_DEPARTEMENTS_FK">
<createdBy>user</createdBy>
<createdTime>2023-11-22 14:19:52 UTC</createdTime>
<generatorID>4D5C4FA9-E69C-E95A-4881-C8B2228F2D5F</generatorID>
<ownerDesignName>TUBES</ownerDesignName>
<indexState>Foreign Key</indexState>
<isSurrogateKey>false</isSurrogateKey>
<indexColumnUsage>
<colUsage columnID="C0B51C80-AFF1-D9A2-586A-993CDA0693C4"/>
</indexColumnUsage>
</ind_PK_UK>
</indexes>
</Table>