<?xml version = '1.0' encoding = 'UTF-8'?>
<Table class="oracle.dbtools.crest.model.design.relational.Table" directorySegmentName="seg_0" id="702C46BA-E045-A4AB-CAE1-D34D8FDA5DE3" name="EMPLOYEES">
<createdBy>user</createdBy>
<createdTime>2023-09-12 07:50:38 UTC</createdTime>
<generatorID>7A4808EE-9E2A-77AA-A6EC-0DF7D8CDD103</generatorID>
<ownerDesignName>TUBES</ownerDesignName>
<allowColumnReorder>false</allowColumnReorder>
<existDependencyGenerateInDDl>true</existDependencyGenerateInDDl>
<parsed>true</parsed>
<columns itemClass="oracle.dbtools.crest.model.design.relational.Column">
<Column name="employee_id" id="CC170F69-E2C4-5502-094A-6F303A22B3CC">
<createdBy>user</createdBy>
<createdTime>2023-09-12 07:50:38 UTC</createdTime>
<generatorID>C4A81A08-04F3-6C14-8743-1505FAF581C5</generatorID>
<ownerDesignName>TUBES</ownerDesignName>
<useDomainConstraints>false</useDomainConstraints>
<use>1</use>
<logicalDatatype>LOGDT019</logicalDatatype>
<ownDataTypeParameters>,,</ownDataTypeParameters>
<autoIncrementCycle>false</autoIncrementCycle>
</Column>
<Column name="first_name" id="84B8E5DB-3A8D-1CA2-6A99-C93C848E6F71">
<createdBy>user</createdBy>
<createdTime>2023-09-12 07:50:38 UTC</createdTime>
<generatorID>611B8FE0-B3F8-DECF-AFC0-81CFF32EE7D0</generatorID>
<ownerDesignName>TUBES</ownerDesignName>
<useDomainConstraints>false</useDomainConstraints>
<use>1</use>
<logicalDatatype>A3A3C77D-0366-9768-FF89-1C25E56881C8</logicalDatatype>
<dataTypeSize>25</dataTypeSize>
<ownDataTypeParameters>25,,</ownDataTypeParameters>
<autoIncrementCycle>false</autoIncrementCycle>
</Column>
<Column name="last_name" id="9B067A85-8002-39B1-97E5-FD9F75E99790">
<createdBy>user</createdBy>
<createdTime>2023-09-12 07:50:38 UTC</createdTime>
<generatorID>ED535817-E667-8E42-EAB7-D3E1033518F6</generatorID>
<ownerDesignName>TUBES</ownerDesignName>
<useDomainConstraints>false</useDomainConstraints>
<use>1</use>
<logicalDatatype>A3A3C77D-0366-9768-FF89-1C25E56881C8</logicalDatatype>
<dataTypeSize>25</dataTypeSize>
<ownDataTypeParameters>25,,</ownDataTypeParameters>
<autoIncrementCycle>false</autoIncrementCycle>
</Column>
<Column name="email" id="4593C57A-64CB-2BC0-F20C-2165C7D4625B">
<createdBy>user</createdBy>
<createdTime>2023-09-12 07:50:38 UTC</createdTime>
<generatorID>99D356EB-3952-1CEF-DCB9-358C3C21949C</generatorID>
<ownerDesignName>TUBES</ownerDesignName>
<useDomainConstraints>false</useDomainConstraints>
<use>1</use>
<logicalDatatype>LOGDT024</logicalDatatype>
<dataTypeSize>50</dataTypeSize>
<ownDataTypeParameters>50,,</ownDataTypeParameters>
<autoIncrementCycle>false</autoIncrementCycle>
</Column>
<Column name="phone_number" id="D38DC712-030C-B1A5-06CA-7A7AC6D9E939">
<createdBy>user</createdBy>
<createdTime>2023-09-12 07:50:38 UTC</createdTime>
<generatorID>175B6786-1622-D589-2349-4A26EAB27E32</generatorID>
<ownerDesignName>TUBES</ownerDesignName>
<useDomainConstraints>false</useDomainConstraints>
<use>1</use>
<logicalDatatype>LOGDT024</logicalDatatype>
<dataTypeSize>15</dataTypeSize>
<ownDataTypeParameters>15,,</ownDataTypeParameters>
<autoIncrementCycle>false</autoIncrementCycle>
</Column>
<Column name="hire_date" id="74C1E0E8-E888-02D4-A423-20215E2EB566">
<createdBy>user</createdBy>
<createdTime>2023-09-12 07:50:38 UTC</createdTime>
<generatorID>9DE7F08A-1605-65D9-A24E-1DF7B58F312A</generatorID>
<ownerDesignName>TUBES</ownerDesignName>
<useDomainConstraints>false</useDomainConstraints>
<use>1</use>
<logicalDatatype>LOGDT007</logicalDatatype>
<ownDataTypeParameters>,,</ownDataTypeParameters>
<autoIncrementCycle>false</autoIncrementCycle>
</Column>
<Column name="salary" id="64CD92F0-D2A8-71D5-2FF6-6BE4513238BF">
<createdBy>user</createdBy>
<createdTime>2023-09-12 07:50:38 UTC</createdTime>
<generatorID>42E916B0-9543-67EF-5E58-4006B2849F0B</generatorID>
<ownerDesignName>TUBES</ownerDesignName>
<useDomainConstraints>false</useDomainConstraints>
<use>1</use>
<logicalDatatype>LOGDT019</logicalDatatype>
<ownDataTypeParameters>,,</ownDataTypeParameters>
<autoIncrementCycle>false</autoIncrementCycle>
</Column>
<Column name="commision_pct" id="7DA009D8-3589-586B-2BC0-3C9F8CD719C5">
<createdBy>user</createdBy>
<createdTime>2023-09-12 07:50:38 UTC</createdTime>
<generatorID>3BA239B6-58ED-C184-0AA3-94068EB13FD0</generatorID>
<ownerDesignName>TUBES</ownerDesignName>
<useDomainConstraints>false</useDomainConstraints>
<use>1</use>
<logicalDatatype>LOGDT010</logicalDatatype>
<ownDataTypeParameters>,,</ownDataTypeParameters>
<autoIncrementCycle>false</autoIncrementCycle>
</Column>
<Column name="JOBS_job_id" id="AB1C43DB-752C-4FDB-9960-0B3ABDFA8D3A">
<createdBy>user</createdBy>
<createdTime>2023-09-12 07:50:38 UTC</createdTime>
<generatorID>C933D857-C056-2349-C2BF-2A549F261CF8</generatorID>
<ownerDesignName>TUBES</ownerDesignName>
<useDomainConstraints>false</useDomainConstraints>
<use>1</use>
<logicalDatatype>LOGDT019</logicalDatatype>
<ownDataTypeParameters>,,</ownDataTypeParameters>
<previousColumn>false</previousColumn>
<autoIncrementCycle>false</autoIncrementCycle>
<associations>
<colAssociation fkAssociation="C43925AD-7B18-ABA4-B519-4A8C46BF8019" referredColumn="D264FDC2-1739-07C3-1298-BA2778760425"/>
</associations>
</Column>
<Column name="DEPARTEMENTS_departement_id" id="8CC7C94C-A63D-9E63-ED25-DBFB50CEBABC">
<createdBy>user</createdBy>
<createdTime>2023-09-12 07:50:38 UTC</createdTime>
<generatorID>EB847555-C46F-2FD9-82A4-017454338C0A</generatorID>
<ownerDesignName>TUBES</ownerDesignName>
<useDomainConstraints>false</useDomainConstraints>
<use>1</use>
<logicalDatatype>LOGDT019</logicalDatatype>
<ownDataTypeParameters>,,</ownDataTypeParameters>
<previousColumn>false</previousColumn>
<autoIncrementCycle>false</autoIncrementCycle>
<associations>
<colAssociation fkAssociation="3DBACB4D-323B-0B0A-2807-AD3A4541036C" referredColumn="D7BB153E-FC48-9408-8060-719BD14D8BB8"/>
</associations>
</Column>
<Column name="EMPLOYEES_employee_id" id="F704B86B-7079-2F4B-AA89-6F8A1C84D93D">
<createdBy>user</createdBy>
<createdTime>2023-09-12 07:50:38 UTC</createdTime>
<generatorID>D926A353-1F25-46C1-E820-C3A698B4B4EF</generatorID>
<ownerDesignName>TUBES</ownerDesignName>
<useDomainConstraints>false</useDomainConstraints>
<use>1</use>
<logicalDatatype>LOGDT019</logicalDatatype>
<ownDataTypeParameters>,,</ownDataTypeParameters>
<previousColumn>false</previousColumn>
<autoIncrementCycle>false</autoIncrementCycle>
<associations>
<colAssociation fkAssociation="8729B55A-6141-2730-2760-B9459E2003EE" referredColumn="CC170F69-E2C4-5502-094A-6F303A22B3CC"/>
</associations>
</Column>
<Column name="PartTimers_EMPLOYEES_employee_id" id="0DB1148F-9194-C5EF-F467-98C3E25D4890">
<createdBy>user</createdBy>
<createdTime>2023-11-23 11:15:36 UTC</createdTime>
<generatorID>9BFC381E-A445-5529-422D-A0A7E200BD0D</generatorID>
<ownerDesignName>TUBES</ownerDesignName>
<useDomainConstraints>false</useDomainConstraints>
<use>1</use>
<logicalDatatype>LOGDT019</logicalDatatype>
<ownDataTypeParameters>,,</ownDataTypeParameters>
<previousColumn>false</previousColumn>
<autoIncrementCycle>false</autoIncrementCycle>
<associations>
<colAssociation fkAssociation="B1D25846-2AF9-38D6-5970-3EF737274751" referredColumn="7E1A368E-38EC-080B-7CBF-0217DD51817B"/>
</associations>
</Column>
<Column name="FullTimers_EMPLOYEES_employee_id" id="5F7C6EE9-1480-01E0-A707-04A977F19CCC">
<createdBy>user</createdBy>
<createdTime>2023-11-23 11:15:36 UTC</createdTime>
<generatorID>9F91C018-8D8A-208F-DE34-907F66412818</generatorID>
<ownerDesignName>TUBES</ownerDesignName>
<useDomainConstraints>false</useDomainConstraints>
<use>1</use>
<logicalDatatype>LOGDT019</logicalDatatype>
<ownDataTypeParameters>,,</ownDataTypeParameters>
<previousColumn>false</previousColumn>
<autoIncrementCycle>false</autoIncrementCycle>
<associations>
<colAssociation fkAssociation="93CF92DA-2E1B-7C3D-D97F-F16AA970D80B" referredColumn="6CA9B8B7-0DCA-3EF7-7B7E-97E20E9453BE"/>
</associations>
</Column>
</columns>
<indexes itemClass="oracle.dbtools.crest.model.design.relational.Index">
<ind_PK_UK id="EFD50C86-ED33-C176-F6B1-272147927D59" name="EMPLOYEES_PK">
<createdBy>user</createdBy>
<createdTime>2023-09-12 07:50:38 UTC</createdTime>
<generatorID>4E40F04F-D7B7-7263-2D33-22C88D874595</generatorID>
<ownerDesignName>TUBES</ownerDesignName>
<pk>true</pk>
<indexState>Primary Constraint</indexState>
<isSurrogateKey>false</isSurrogateKey>
<indexColumnUsage>
<colUsage columnID="CC170F69-E2C4-5502-094A-6F303A22B3CC"/>
</indexColumnUsage>
</ind_PK_UK>
<ind_PK_UK id="1B70ABE5-9372-8F75-9A78-BF86B0D36A5E" name="EMPLOYEES__IDX">
<createdBy>user</createdBy>
<createdTime>2023-11-23 11:15:37 UTC</createdTime>
<ownerDesignName>TUBES</ownerDesignName>
<indexState>Unique Plain Index</indexState>
<isSurrogateKey>false</isSurrogateKey>
<relationGeneratorID>2C6ECB79-1C1A-E90E-BA6D-13F7EF32C662</relationGeneratorID>
<indexColumnUsage>
<colUsage columnID="0DB1148F-9194-C5EF-F467-98C3E25D4890"/>
</indexColumnUsage>
</ind_PK_UK>
<ind_PK_UK id="91343721-A490-C1F3-01EB-EEAECAB2FFF8" name="EMPLOYEES__IDXv1">
<createdBy>user</createdBy>
<createdTime>2023-11-23 11:15:37 UTC</createdTime>
<ownerDesignName>TUBES</ownerDesignName>
<indexState>Unique Plain Index</indexState>
<isSurrogateKey>false</isSurrogateKey>
<relationGeneratorID>433864EC-4E05-B82D-F316-3163B9A1A956</relationGeneratorID>
<indexColumnUsage>
<colUsage columnID="5F7C6EE9-1480-01E0-A707-04A977F19CCC"/>
</indexColumnUsage>
</ind_PK_UK>
<ind_PK_UK id="F282FE7B-9DAE-3AE5-B6E0-06F53583568B" name="EMPLOYEES_JOBS_FK">
<createdBy>user</createdBy>
<createdTime>2023-09-12 07:50:38 UTC</createdTime>
<generatorID>9D2FDF41-1814-5BE6-35CA-353918A533D8</generatorID>
<ownerDesignName>TUBES</ownerDesignName>
<indexState>Foreign Key</indexState>
<isSurrogateKey>false</isSurrogateKey>
<indexColumnUsage>
<colUsage columnID="AB1C43DB-752C-4FDB-9960-0B3ABDFA8D3A"/>
</indexColumnUsage>
</ind_PK_UK>
<ind_PK_UK id="F96BD383-936F-09AA-E794-17105B75D2AA" name="EMPLOYEES_DEPARTEMENTS_FK">
<createdBy>user</createdBy>
<createdTime>2023-09-12 07:50:38 UTC</createdTime>
<generatorID>CF5B3E1A-97EF-0063-8677-681BCD27B3EE</generatorID>
<ownerDesignName>TUBES</ownerDesignName>
<indexState>Foreign Key</indexState>
<isSurrogateKey>false</isSurrogateKey>
<indexColumnUsage>
<colUsage columnID="8CC7C94C-A63D-9E63-ED25-DBFB50CEBABC"/>
</indexColumnUsage>
</ind_PK_UK>
<ind_PK_UK id="0DB18BC4-694C-13DE-479A-EBABA8B36696" name="EMPLOYEES_EMPLOYEES_FK">
<createdBy>user</createdBy>
<createdTime>2023-09-12 07:50:38 UTC</createdTime>
<generatorID>2EC86887-0B66-EBC1-F819-0F4BB6AB52E1</generatorID>
<ownerDesignName>TUBES</ownerDesignName>
<indexState>Foreign Key</indexState>
<isSurrogateKey>false</isSurrogateKey>
<indexColumnUsage>
<colUsage columnID="F704B86B-7079-2F4B-AA89-6F8A1C84D93D"/>
</indexColumnUsage>
</ind_PK_UK>
<ind_PK_UK id="D79F2444-01B3-0E8D-6918-2971662BA1C6" name="EMPLOYEES_PartTimers_FK">
<createdBy>user</createdBy>
<createdTime>2023-11-23 11:15:36 UTC</createdTime>
<generatorID>2C6ECB79-1C1A-E90E-BA6D-13F7EF32C662</generatorID>
<ownerDesignName>TUBES</ownerDesignName>
<indexState>Foreign Key</indexState>
<isSurrogateKey>false</isSurrogateKey>
<indexColumnUsage>
<colUsage columnID="0DB1148F-9194-C5EF-F467-98C3E25D4890"/>
</indexColumnUsage>
</ind_PK_UK>
<ind_PK_UK id="B1E83ECF-6C4E-D768-F3AF-AD59BBB2CA79" name="EMPLOYEES_FullTimers_FK">
<createdBy>user</createdBy>
<createdTime>2023-11-23 11:15:37 UTC</createdTime>
<generatorID>433864EC-4E05-B82D-F316-3163B9A1A956</generatorID>
<ownerDesignName>TUBES</ownerDesignName>
<indexState>Foreign Key</indexState>
<isSurrogateKey>false</isSurrogateKey>
<indexColumnUsage>
<colUsage columnID="5F7C6EE9-1480-01E0-A707-04A977F19CCC"/>
</indexColumnUsage>
</ind_PK_UK>
</indexes>
</Table>