<?xml version = '1.0' encoding = 'UTF-8'?>
<Table class="oracle.dbtools.crest.model.design.relational.Table" directorySegmentName="seg_0" id="7591EEEC-72A5-C316-4994-2C5C5CBEE82C" name="JOBS">
<createdBy>user</createdBy>
<createdTime>2023-09-12 07:50:38 UTC</createdTime>
<generatorID>661FE0A8-76AA-CC4E-2CA4-DDD128E2AE73</generatorID>
<ownerDesignName>TUBES</ownerDesignName>
<allowColumnReorder>false</allowColumnReorder>
<existDependencyGenerateInDDl>true</existDependencyGenerateInDDl>
<parsed>true</parsed>
<columns itemClass="oracle.dbtools.crest.model.design.relational.Column">
<Column name="job_id" id="D264FDC2-1739-07C3-1298-BA2778760425">
<createdBy>user</createdBy>
<createdTime>2023-09-12 07:50:38 UTC</createdTime>
<generatorID>02F7E925-6557-39B3-A9F5-35426B705606</generatorID>
<ownerDesignName>TUBES</ownerDesignName>
<useDomainConstraints>false</useDomainConstraints>
<use>1</use>
<logicalDatatype>LOGDT019</logicalDatatype>
<ownDataTypeParameters>,,</ownDataTypeParameters>
<autoIncrementCycle>false</autoIncrementCycle>
</Column>
<Column name="job_title" id="376F018B-5133-B847-F1F7-BA80DEE27A02">
<createdBy>user</createdBy>
<createdTime>2023-09-12 07:50:38 UTC</createdTime>
<generatorID>BC37D2F6-BF89-DAC7-A208-C4C7242D0771</generatorID>
<ownerDesignName>TUBES</ownerDesignName>
<useDomainConstraints>false</useDomainConstraints>
<use>1</use>
<logicalDatatype>LOGDT024</logicalDatatype>
<dataTypeSize>20</dataTypeSize>
<ownDataTypeParameters>20,,</ownDataTypeParameters>
<autoIncrementCycle>false</autoIncrementCycle>
</Column>
<Column name="min_salary" id="E74BF624-F235-90D0-6D6A-7CCAC8C01FB7">
<createdBy>user</createdBy>
<createdTime>2023-09-12 07:50:38 UTC</createdTime>
<generatorID>FCEE457A-3793-526C-0065-F11B28052415</generatorID>
<ownerDesignName>TUBES</ownerDesignName>
<useDomainConstraints>false</useDomainConstraints>
<use>1</use>
<logicalDatatype>LOGDT019</logicalDatatype>
<ownDataTypeParameters>,,</ownDataTypeParameters>
<autoIncrementCycle>false</autoIncrementCycle>
</Column>
<Column name="max_salary" id="04887952-AB41-B22E-5AD2-A160134AB9DB">
<createdBy>user</createdBy>
<createdTime>2023-09-12 07:50:38 UTC</createdTime>
<generatorID>BD5CD58C-1C65-0C2B-C7C4-28AB8882B83B</generatorID>
<ownerDesignName>TUBES</ownerDesignName>
<useDomainConstraints>false</useDomainConstraints>
<use>1</use>
<logicalDatatype>LOGDT019</logicalDatatype>
<ownDataTypeParameters>,,</ownDataTypeParameters>
<autoIncrementCycle>false</autoIncrementCycle>
</Column>
<Column name="start_date" id="1B9A713F-38F9-026E-EC07-4C6097A1943B">
<createdBy>user</createdBy>
<createdTime>2023-11-23 11:15:36 UTC</createdTime>
<generatorID>2A7F44C0-04F7-B3F2-B501-FACBA507EEE9</generatorID>
<ownerDesignName>TUBES</ownerDesignName>
<useDomainConstraints>false</useDomainConstraints>
<use>1</use>
<logicalDatatype>LOGDT007</logicalDatatype>
<ownDataTypeParameters>,,</ownDataTypeParameters>
<autoIncrementCycle>false</autoIncrementCycle>
</Column>
<Column name="end_date" id="9C28E743-D292-777D-091B-A09D375C9C5F">
<createdBy>user</createdBy>
<createdTime>2023-11-23 11:15:36 UTC</createdTime>
<generatorID>29A1C595-4F86-66D9-5844-9596DB094775</generatorID>
<ownerDesignName>TUBES</ownerDesignName>
<useDomainConstraints>false</useDomainConstraints>
<use>1</use>
<logicalDatatype>LOGDT007</logicalDatatype>
<ownDataTypeParameters>,,</ownDataTypeParameters>
<autoIncrementCycle>false</autoIncrementCycle>
</Column>
<Column name="DEPARTEMENTS_departement_id" id="DEF2225C-913C-8416-D6E9-E5847DC697B4">
<createdBy>user</createdBy>
<createdTime>2023-11-23 11:15:36 UTC</createdTime>
<generatorID>B8481896-D173-54AA-1875-D700ABF96E8C</generatorID>
<ownerDesignName>TUBES</ownerDesignName>
<useDomainConstraints>false</useDomainConstraints>
<use>1</use>
<logicalDatatype>LOGDT019</logicalDatatype>
<ownDataTypeParameters>,,</ownDataTypeParameters>
<previousColumn>false</previousColumn>
<autoIncrementCycle>false</autoIncrementCycle>
<associations>
<colAssociation fkAssociation="035992BC-F446-ADD5-F2E3-3395C001286B" referredColumn="D7BB153E-FC48-9408-8060-719BD14D8BB8"/>
</associations>
</Column>
</columns>
<indexes itemClass="oracle.dbtools.crest.model.design.relational.Index">
<ind_PK_UK id="F7587A99-218D-9970-6703-9D73D1E580EE" name="JOBS_PK">
<createdBy>user</createdBy>
<createdTime>2023-09-12 07:50:38 UTC</createdTime>
<generatorID>FAA93236-0670-17F6-A8B6-0807F7DEE1C2</generatorID>
<ownerDesignName>TUBES</ownerDesignName>
<pk>true</pk>
<indexState>Primary Constraint</indexState>
<isSurrogateKey>false</isSurrogateKey>
<indexColumnUsage>
<colUsage columnID="D264FDC2-1739-07C3-1298-BA2778760425"/>
</indexColumnUsage>
</ind_PK_UK>
<ind_PK_UK id="71A11C34-EA83-A93B-BA17-6F131A4E2D36" name="JOBS_DEPARTEMENTS_FK">
<createdBy>user</createdBy>
<createdTime>2023-11-23 11:15:37 UTC</createdTime>
<generatorID>56F734DE-74CB-33B7-B071-C41256EE5524</generatorID>
<ownerDesignName>TUBES</ownerDesignName>
<indexState>Foreign Key</indexState>
<isSurrogateKey>false</isSurrogateKey>
<indexColumnUsage>
<colUsage columnID="DEF2225C-913C-8416-D6E9-E5847DC697B4"/>
</indexColumnUsage>
</ind_PK_UK>
</indexes>
</Table>