<?xml version = '1.0' encoding = 'UTF-8'?>
<Table class="oracle.dbtools.crest.model.design.relational.Table" directorySegmentName="seg_0" id="79A882AC-4ACB-3E99-EDE6-9036A12F21F7" name="DEPARTEMENTS">
<createdBy>user</createdBy>
<createdTime>2023-09-12 07:50:38 UTC</createdTime>
<generatorID>641B27E5-2A84-20C3-09A3-5EF9FB31F8BF</generatorID>
<ownerDesignName>TUBES</ownerDesignName>
<allowColumnReorder>false</allowColumnReorder>
<existDependencyGenerateInDDl>true</existDependencyGenerateInDDl>
<parsed>true</parsed>
<columns itemClass="oracle.dbtools.crest.model.design.relational.Column">
<Column name="departement_id" id="D7BB153E-FC48-9408-8060-719BD14D8BB8">
<createdBy>user</createdBy>
<createdTime>2023-09-12 07:50:38 UTC</createdTime>
<generatorID>F4AA0972-AB32-8835-E012-396B5C23515C</generatorID>
<ownerDesignName>TUBES</ownerDesignName>
<useDomainConstraints>false</useDomainConstraints>
<use>1</use>
<logicalDatatype>LOGDT019</logicalDatatype>
<ownDataTypeParameters>,,</ownDataTypeParameters>
<autoIncrementCycle>false</autoIncrementCycle>
</Column>
<Column name="departement_name" id="2D372A66-ABB6-927B-B186-2A96298B26DB">
<createdBy>user</createdBy>
<createdTime>2023-09-12 07:50:38 UTC</createdTime>
<generatorID>096B6396-D55C-B81E-354C-78C0E73D2FCE</generatorID>
<ownerDesignName>TUBES</ownerDesignName>
<useDomainConstraints>false</useDomainConstraints>
<use>1</use>
<logicalDatatype>A3A3C77D-0366-9768-FF89-1C25E56881C8</logicalDatatype>
<dataTypeSize>25</dataTypeSize>
<ownDataTypeParameters>25,,</ownDataTypeParameters>
<autoIncrementCycle>false</autoIncrementCycle>
</Column>
<Column name="LOCATIONS_location_id" id="EC58A823-DC13-6D8B-D096-752B8526C271">
<createdBy>user</createdBy>
<createdTime>2023-09-12 07:50:38 UTC</createdTime>
<generatorID>F12DEFD1-9E76-28A6-776F-8F38D48A7521</generatorID>
<ownerDesignName>TUBES</ownerDesignName>
<useDomainConstraints>false</useDomainConstraints>
<use>1</use>
<logicalDatatype>LOGDT019</logicalDatatype>
<ownDataTypeParameters>,,</ownDataTypeParameters>
<previousColumn>false</previousColumn>
<autoIncrementCycle>false</autoIncrementCycle>
<associations>
<colAssociation fkAssociation="28A2D2F1-CD89-8D6F-FBA6-28BE16FC0BF6" referredColumn="8903BC47-6491-9401-82C0-15B9C0572491"/>
</associations>
</Column>
<Column name="EMPLOYEES_employee_id" id="9F8A9BA2-4D36-F596-A8EC-D2BB2EC4EE24">
<createdBy>user</createdBy>
<createdTime>2023-09-12 07:50:38 UTC</createdTime>
<generatorID>40688392-515C-F673-286F-B158EE0C3075</generatorID>
<ownerDesignName>TUBES</ownerDesignName>
<useDomainConstraints>false</useDomainConstraints>
<use>1</use>
<logicalDatatype>LOGDT019</logicalDatatype>
<ownDataTypeParameters>,,</ownDataTypeParameters>
<previousColumn>false</previousColumn>
<autoIncrementCycle>false</autoIncrementCycle>
<associations>
<colAssociation fkAssociation="4FB12CF1-D6F5-3AF3-1624-E41A0A19F5D3" referredColumn="CC170F69-E2C4-5502-094A-6F303A22B3CC"/>
</associations>
</Column>
</columns>
<indexes itemClass="oracle.dbtools.crest.model.design.relational.Index">
<ind_PK_UK id="6D831B65-B9D6-6847-CAD4-B38A836D5A11" name="DEPARTEMENTS_PK">
<createdBy>user</createdBy>
<createdTime>2023-09-12 07:50:38 UTC</createdTime>
<generatorID>9EA197CD-121D-168D-1393-4ABB015C552D</generatorID>
<ownerDesignName>TUBES</ownerDesignName>
<pk>true</pk>
<indexState>Primary Constraint</indexState>
<isSurrogateKey>false</isSurrogateKey>
<indexColumnUsage>
<colUsage columnID="D7BB153E-FC48-9408-8060-719BD14D8BB8"/>
</indexColumnUsage>
</ind_PK_UK>
<ind_PK_UK id="CF4CFE54-70CC-3F28-3790-2CAA08E8AF18" name="DEPARTEMENTS_LOCATIONS_FK">
<createdBy>user</createdBy>
<createdTime>2023-09-12 07:50:38 UTC</createdTime>
<generatorID>CCC10361-F6D0-FDAE-409F-21EDA7B01F30</generatorID>
<ownerDesignName>TUBES</ownerDesignName>
<indexState>Foreign Key</indexState>
<isSurrogateKey>false</isSurrogateKey>
<indexColumnUsage>
<colUsage columnID="EC58A823-DC13-6D8B-D096-752B8526C271"/>
</indexColumnUsage>
</ind_PK_UK>
<ind_PK_UK id="AB42C471-C37C-BCCF-DD99-D0C782A00BFA" name="DEPARTEMENTS_EMPLOYEES_FK">
<createdBy>user</createdBy>
<createdTime>2023-09-12 07:50:38 UTC</createdTime>
<generatorID>E7535713-589A-4AA8-83D0-F061D2D6DB60</generatorID>
<ownerDesignName>TUBES</ownerDesignName>
<indexState>Foreign Key</indexState>
<isSurrogateKey>false</isSurrogateKey>
<indexColumnUsage>
<colUsage columnID="9F8A9BA2-4D36-F596-A8EC-D2BB2EC4EE24"/>
</indexColumnUsage>
</ind_PK_UK>
</indexes>
</Table>