<?xml version = '1.0' encoding = 'UTF-8'?>
<Table class="oracle.dbtools.crest.model.design.relational.Table" directorySegmentName="seg_0" id="7B88DBC9-1D41-E324-97FE-34B456A2CDD0" name="Machine">
<createdBy>user</createdBy>
<createdTime>2023-11-23 12:30:26 UTC</createdTime>
<generatorID>42140317-ADBA-9178-9C65-04BA164055AE</generatorID>
<ownerDesignName>TUBES</ownerDesignName>
<allowColumnReorder>false</allowColumnReorder>
<existDependencyGenerateInDDl>true</existDependencyGenerateInDDl>
<parsed>true</parsed>
<columns itemClass="oracle.dbtools.crest.model.design.relational.Column">
<Column name="machine_id" id="4CF430E8-D4EC-60CD-F4BE-C4D363B0DAEF">
<createdBy>user</createdBy>
<createdTime>2023-11-23 12:30:26 UTC</createdTime>
<generatorID>BF6341AE-97F8-3E29-7E1F-62C76887C098</generatorID>
<ownerDesignName>TUBES</ownerDesignName>
<useDomainConstraints>false</useDomainConstraints>
<use>1</use>
<logicalDatatype>LOGDT019</logicalDatatype>
<ownDataTypeParameters>,,</ownDataTypeParameters>
<autoIncrementCycle>false</autoIncrementCycle>
</Column>
<Column name="machine_name" id="9072CF0D-8520-D8CE-59DF-E9F35299EA68">
<createdBy>user</createdBy>
<createdTime>2023-11-23 12:30:26 UTC</createdTime>
<generatorID>36468096-89B6-2A92-FF53-B622AB56F46F</generatorID>
<ownerDesignName>TUBES</ownerDesignName>
<useDomainConstraints>false</useDomainConstraints>
<use>1</use>
<logicalDatatype>LOGDT024</logicalDatatype>
<dataTypeSize>20</dataTypeSize>
<ownDataTypeParameters>20,,</ownDataTypeParameters>
<autoIncrementCycle>false</autoIncrementCycle>
</Column>
<Column name="JOBS_job_id" id="23E8CDEB-6329-B5D9-8242-24932161DFFB">
<createdBy>user</createdBy>
<createdTime>2023-11-23 12:30:26 UTC</createdTime>
<generatorID>84DA8B04-0639-0A30-380F-79FA1D833DEE</generatorID>
<ownerDesignName>TUBES</ownerDesignName>
<useDomainConstraints>false</useDomainConstraints>
<use>1</use>
<logicalDatatype>LOGDT019</logicalDatatype>
<ownDataTypeParameters>,,</ownDataTypeParameters>
<previousColumn>false</previousColumn>
<autoIncrementCycle>false</autoIncrementCycle>
<associations>
<colAssociation fkAssociation="252D2493-E137-8F3B-C349-2A694B281A59" referredColumn="D264FDC2-1739-07C3-1298-BA2778760425"/>
</associations>
</Column>
</columns>
<indexes itemClass="oracle.dbtools.crest.model.design.relational.Index">
<ind_PK_UK id="AB74895A-4F9C-AFA7-E275-43242CDDA697" name="Machine_PK">
<createdBy>user</createdBy>
<createdTime>2023-11-23 12:30:26 UTC</createdTime>
<generatorID>90975537-7EB3-B400-85C2-341DFB128534</generatorID>
<ownerDesignName>TUBES</ownerDesignName>
<pk>true</pk>
<indexState>Primary Constraint</indexState>
<isSurrogateKey>false</isSurrogateKey>
<indexColumnUsage>
<colUsage columnID="4CF430E8-D4EC-60CD-F4BE-C4D363B0DAEF"/>
</indexColumnUsage>
</ind_PK_UK>
<ind_PK_UK id="61DC79D9-9710-EEDB-5E0B-D941C6E7B108" name="Machine_JOBS_FK">
<createdBy>user</createdBy>
<createdTime>2023-11-23 12:30:26 UTC</createdTime>
<generatorID>6660283C-1032-FB57-AEE2-21FD336B5C46</generatorID>
<ownerDesignName>TUBES</ownerDesignName>
<indexState>Foreign Key</indexState>
<isSurrogateKey>false</isSurrogateKey>
<indexColumnUsage>
<colUsage columnID="23E8CDEB-6329-B5D9-8242-24932161DFFB"/>
</indexColumnUsage>
</ind_PK_UK>
</indexes>
</Table>