<?xml version = '1.0' encoding = 'UTF-8'?>
<Relation class="oracle.dbtools.crest.model.design.logical.Relation" name="Relation_43" directorySegmentName="seg_0" id="0D7F650C-6B97-6070-3943-5B3BDFB6580D">
<createdBy>user</createdBy>
<createdTime>2023-11-23 12:18:20 UTC</createdTime>
<ownerDesignName>TUBES</ownerDesignName>
<engineerTo>
<item key="5ACFB836-6EC1-0EDA-6D7C-1125C8BCC6C3" value="true"/>
</engineerTo>
<sourcePk>90975537-7EB3-B400-85C2-341DFB128534</sourcePk>
<identifying>false</identifying>
<optionalSource>true</optionalSource>
<optionalTarget>false</optionalTarget>
<sourceCardinality>1</sourceCardinality>
<sourceEntity>42140317-ADBA-9178-9C65-04BA164055AE</sourceEntity>
<targetCardinalityString>1</targetCardinalityString>
<targetEntity>546C0C87-3EAA-9B40-EFBC-8BCC3B77A2A5</targetEntity>
<transferable>true</transferable>
<deleteRule>NO ACTION</deleteRule>
</Relation>