<?xml version = '1.0' encoding = 'UTF-8'?>
<Relation class="oracle.dbtools.crest.model.design.logical.Relation" name="Relation_28" directorySegmentName="seg_0" id="2C6ECB79-1C1A-E90E-BA6D-13F7EF32C662">
<createdBy>user</createdBy>
<createdTime>2023-11-23 10:44:36 UTC</createdTime>
<ownerDesignName>TUBES</ownerDesignName>
<engineerTo>
<item key="5ACFB836-6EC1-0EDA-6D7C-1125C8BCC6C3" value="true"/>
</engineerTo>
<sourcePk>A2857AA9-E851-0F0C-A251-FEBC9CC04573</sourcePk>
<identifying>false</identifying>
<optionalSource>true</optionalSource>
<optionalTarget>false</optionalTarget>
<sourceCardinality>1</sourceCardinality>
<sourceEntity>9F7945EB-72D3-4058-CA66-F5ECF25F31DA</sourceEntity>
<targetCardinalityString>1</targetCardinalityString>
<targetEntity>7A4808EE-9E2A-77AA-A6EC-0DF7D8CDD103</targetEntity>
<transferable>true</transferable>
<deleteRule>NO ACTION</deleteRule>
</Relation>