<?xml version = '1.0' encoding = 'UTF-8'?>
<Relation class="oracle.dbtools.crest.model.design.logical.Relation" name="Relation_32" directorySegmentName="seg_0" id="2CBFCC0A-1F8D-B4C9-B39F-288BC6FFF659">
<createdBy>user</createdBy>
<createdTime>2023-11-23 10:47:13 UTC</createdTime>
<ownerDesignName>TUBES</ownerDesignName>
<engineerTo>
<item key="5ACFB836-6EC1-0EDA-6D7C-1125C8BCC6C3" value="true"/>
</engineerTo>
<sourcePk>C748147F-6A0B-CB4C-ABBC-1843C0BA9D94</sourcePk>
<identifying>false</identifying>
<optionalSource>true</optionalSource>
<optionalTarget>false</optionalTarget>
<sourceCardinality>1</sourceCardinality>
<sourceEntity>F442498A-C355-608F-8719-65440B76867F</sourceEntity>
<targetCardinalityString>*</targetCardinalityString>
<targetEntity>A4BFE5D0-1D59-97D7-B4BD-16FD55A8DE16</targetEntity>
<transferable>true</transferable>
<deleteRule>NO ACTION</deleteRule>
</Relation>