<?xml version = '1.0' encoding = 'UTF-8'?>
<Relation class="oracle.dbtools.crest.model.design.logical.Relation" name="Relation_30" directorySegmentName="seg_0" id="433864EC-4E05-B82D-F316-3163B9A1A956">
<createdBy>user</createdBy>
<createdTime>2023-11-23 10:45:12 UTC</createdTime>
<ownerDesignName>TUBES</ownerDesignName>
<engineerTo>
<item key="5ACFB836-6EC1-0EDA-6D7C-1125C8BCC6C3" value="true"/>
</engineerTo>
<sourcePk>02607AB3-7BA1-9B7F-BE1A-1B5FE3CD9007</sourcePk>
<identifying>false</identifying>
<optionalSource>true</optionalSource>
<optionalTarget>false</optionalTarget>
<sourceCardinality>1</sourceCardinality>
<sourceEntity>A4BFE5D0-1D59-97D7-B4BD-16FD55A8DE16</sourceEntity>
<targetCardinalityString>1</targetCardinalityString>
<targetEntity>7A4808EE-9E2A-77AA-A6EC-0DF7D8CDD103</targetEntity>
<transferable>true</transferable>
<deleteRule>NO ACTION</deleteRule>
</Relation>