<?xml version = '1.0' encoding = 'UTF-8'?>
<Relation class="oracle.dbtools.crest.model.design.logical.Relation" name="Relation_19" directorySegmentName="seg_0" id="4D5C4FA9-E69C-E95A-4881-C8B2228F2D5F">
<createdBy>user</createdBy>
<createdTime>2023-11-22 14:02:42 UTC</createdTime>
<ownerDesignName>TUBES</ownerDesignName>
<engineerTo>
<item key="5ACFB836-6EC1-0EDA-6D7C-1125C8BCC6C3" value="true"/>
</engineerTo>
<sourcePk>9EA197CD-121D-168D-1393-4ABB015C552D</sourcePk>
<identifying>false</identifying>
<optionalSource>true</optionalSource>
<optionalTarget>false</optionalTarget>
<sourceCardinality>1</sourceCardinality>
<sourceEntity>641B27E5-2A84-20C3-09A3-5EF9FB31F8BF</sourceEntity>
<targetCardinalityString>*</targetCardinalityString>
<targetEntity>57CB87C1-F7FD-A465-B0C9-D752E4EE7D61</targetEntity>
<transferable>true</transferable>
<deleteRule>NO ACTION</deleteRule>
</Relation>