<?xml version = '1.0' encoding = 'UTF-8'?>
<Relation class="oracle.dbtools.crest.model.design.logical.Relation" name="Relation_33" directorySegmentName="seg_0" id="56F734DE-74CB-33B7-B071-C41256EE5524">
<createdBy>user</createdBy>
<createdTime>2023-11-23 10:53:26 UTC</createdTime>
<ownerDesignName>TUBES</ownerDesignName>
<engineerTo>
<item key="5ACFB836-6EC1-0EDA-6D7C-1125C8BCC6C3" value="true"/>
</engineerTo>
<sourcePk>9EA197CD-121D-168D-1393-4ABB015C552D</sourcePk>
<identifying>false</identifying>
<optionalSource>true</optionalSource>
<optionalTarget>false</optionalTarget>
<sourceCardinality>1</sourceCardinality>
<sourceEntity>641B27E5-2A84-20C3-09A3-5EF9FB31F8BF</sourceEntity>
<targetCardinalityString>*</targetCardinalityString>
<targetEntity>661FE0A8-76AA-CC4E-2CA4-DDD128E2AE73</targetEntity>
<transferable>true</transferable>
<deleteRule>NO ACTION</deleteRule>
</Relation>