<?xml version = '1.0' encoding = 'UTF-8'?>
<Relation class="oracle.dbtools.crest.model.design.logical.Relation" name="Relation_3" directorySegmentName="seg_0" id="708ECE20-5750-69C5-D0F0-1D2BCA27CE98">
<createdBy>user</createdBy>
<createdTime>2023-09-12 02:51:23 UTC</createdTime>
<ownerDesignName>TUBES</ownerDesignName>
<engineerTo>
<item key="5ACFB836-6EC1-0EDA-6D7C-1125C8BCC6C3" value="true"/>
</engineerTo>
<sourcePk>AC237E1F-B04D-93B1-7652-24D06E16FD18</sourcePk>
<identifying>false</identifying>
<optionalSource>true</optionalSource>
<optionalTarget>false</optionalTarget>
<sourceCardinality>1</sourceCardinality>
<sourceEntity>B27B63F5-A004-E3F0-1861-E02F73AC96C7</sourceEntity>
<targetCardinalityString>*</targetCardinalityString>
<targetEntity>BA3209F2-FBF0-9D9A-95F0-FED938055D8F</targetEntity>
<transferable>true</transferable>
<deleteRule>NO ACTION</deleteRule>
</Relation>