<?xml version = '1.0' encoding = 'UTF-8'?>
<Relation class="oracle.dbtools.crest.model.design.logical.Relation" name="Relation_22" directorySegmentName="seg_0" id="8128F7E9-D6B4-1225-CF44-08EB07395B10">
<createdBy>user</createdBy>
<createdTime>2023-11-29 13:03:02 UTC</createdTime>
<ownerDesignName>TUBES</ownerDesignName>
<engineerTo>
<item key="5ACFB836-6EC1-0EDA-6D7C-1125C8BCC6C3" value="true"/>
</engineerTo>
<sourcePk>4E40F04F-D7B7-7263-2D33-22C88D874595</sourcePk>
<identifying>false</identifying>
<optionalSource>false</optionalSource>
<optionalTarget>false</optionalTarget>
<sourceCardinality>1</sourceCardinality>
<sourceEntity>7A4808EE-9E2A-77AA-A6EC-0DF7D8CDD103</sourceEntity>
<targetCardinalityString>*</targetCardinalityString>
<targetEntity>42140317-ADBA-9178-9C65-04BA164055AE</targetEntity>
<transferable>true</transferable>
<deleteRule>NO ACTION</deleteRule>
</Relation>