<?xml version = '1.0' encoding = 'UTF-8'?>
<Relation class="oracle.dbtools.crest.model.design.logical.Relation" name="Relation_23" directorySegmentName="seg_0" id="9C0F48AC-3BA0-4067-7EF3-90034EEE03CF">
<createdBy>user</createdBy>
<createdTime>2023-11-29 13:04:04 UTC</createdTime>
<ownerDesignName>TUBES</ownerDesignName>
<engineerTo>
<item key="5ACFB836-6EC1-0EDA-6D7C-1125C8BCC6C3" value="true"/>
</engineerTo>
<sourcePk>4E40F04F-D7B7-7263-2D33-22C88D874595</sourcePk>
<identifying>false</identifying>
<optionalSource>false</optionalSource>
<optionalTarget>false</optionalTarget>
<sourceCardinality>1</sourceCardinality>
<sourceEntity>7A4808EE-9E2A-77AA-A6EC-0DF7D8CDD103</sourceEntity>
<targetCardinalityString>*</targetCardinalityString>
<targetEntity>546C0C87-3EAA-9B40-EFBC-8BCC3B77A2A5</targetEntity>
<transferable>true</transferable>
<deleteRule>NO ACTION</deleteRule>
</Relation>