<?xml version = '1.0' encoding = 'UTF-8'?>
<Relation class="oracle.dbtools.crest.model.design.logical.Relation" name="Relation_13" directorySegmentName="seg_0" id="9D2FDF41-1814-5BE6-35CA-353918A533D8">
<createdBy>user</createdBy>
<createdTime>2023-09-12 02:58:52 UTC</createdTime>
<ownerDesignName>TUBES</ownerDesignName>
<engineerTo>
<item key="5ACFB836-6EC1-0EDA-6D7C-1125C8BCC6C3" value="true"/>
</engineerTo>
<sourcePk>FAA93236-0670-17F6-A8B6-0807F7DEE1C2</sourcePk>
<identifying>false</identifying>
<optionalSource>true</optionalSource>
<optionalTarget>false</optionalTarget>
<sourceCardinality>1</sourceCardinality>
<sourceEntity>661FE0A8-76AA-CC4E-2CA4-DDD128E2AE73</sourceEntity>
<targetCardinalityString>*</targetCardinalityString>
<targetEntity>7A4808EE-9E2A-77AA-A6EC-0DF7D8CDD103</targetEntity>
<transferable>true</transferable>
<deleteRule>NO ACTION</deleteRule>
</Relation>