<?xml version = '1.0' encoding = 'UTF-8'?>
<Relation class="oracle.dbtools.crest.model.design.logical.Relation" name="Relation_12" directorySegmentName="seg_0" id="A9177A84-7AC1-F923-AD19-BAB8A5F2C358">
<createdBy>user</createdBy>
<createdTime>2023-09-12 02:57:18 UTC</createdTime>
<ownerDesignName>TUBES</ownerDesignName>
<engineerTo>
<item key="5ACFB836-6EC1-0EDA-6D7C-1125C8BCC6C3" value="true"/>
</engineerTo>
<sourcePk>4E40F04F-D7B7-7263-2D33-22C88D874595</sourcePk>
<identifying>false</identifying>
<optionalSource>true</optionalSource>
<optionalTarget>false</optionalTarget>
<sourceCardinality>1</sourceCardinality>
<sourceEntity>7A4808EE-9E2A-77AA-A6EC-0DF7D8CDD103</sourceEntity>
<targetCardinalityString>*</targetCardinalityString>
<targetEntity>8D8F86B7-1A66-756B-DBCE-C62BCB026975</targetEntity>
<transferable>true</transferable>
<deleteRule>NO ACTION</deleteRule>
</Relation>