<?xml version = '1.0' encoding = 'UTF-8'?>
<Relation class="oracle.dbtools.crest.model.design.logical.Relation" name="Relation_5" directorySegmentName="seg_0" id="CCC10361-F6D0-FDAE-409F-21EDA7B01F30">
<createdBy>user</createdBy>
<createdTime>2023-09-12 02:51:51 UTC</createdTime>
<ownerDesignName>TUBES</ownerDesignName>
<engineerTo>
<item key="5ACFB836-6EC1-0EDA-6D7C-1125C8BCC6C3" value="true"/>
</engineerTo>
<sourcePk>CBF3ADF5-093F-CB81-8DD0-6A5475A7E595</sourcePk>
<identifying>false</identifying>
<optionalSource>true</optionalSource>
<optionalTarget>false</optionalTarget>
<sourceCardinality>1</sourceCardinality>
<sourceEntity>BA3209F2-FBF0-9D9A-95F0-FED938055D8F</sourceEntity>
<targetCardinalityString>*</targetCardinalityString>
<targetEntity>641B27E5-2A84-20C3-09A3-5EF9FB31F8BF</targetEntity>
<transferable>true</transferable>
<deleteRule>NO ACTION</deleteRule>
</Relation>