<?xml version = '1.0' encoding = 'UTF-8'?>
<Relation class="oracle.dbtools.crest.model.design.logical.Relation" name="Relation_16" directorySegmentName="seg_0" id="CF5B3E1A-97EF-0063-8677-681BCD27B3EE">
<createdBy>user</createdBy>
<createdTime>2023-09-12 03:01:16 UTC</createdTime>
<ownerDesignName>TUBES</ownerDesignName>
<engineerTo>
<item key="5ACFB836-6EC1-0EDA-6D7C-1125C8BCC6C3" value="true"/>
</engineerTo>
<sourcePk>9EA197CD-121D-168D-1393-4ABB015C552D</sourcePk>
<identifying>false</identifying>
<optionalSource>true</optionalSource>
<optionalTarget>false</optionalTarget>
<sourceCardinality>1</sourceCardinality>
<sourceEntity>641B27E5-2A84-20C3-09A3-5EF9FB31F8BF</sourceEntity>
<targetCardinalityString>*</targetCardinalityString>
<targetEntity>7A4808EE-9E2A-77AA-A6EC-0DF7D8CDD103</targetEntity>
<transferable>true</transferable>
<deleteRule>NO ACTION</deleteRule>
</Relation>