<?xml version = '1.0' encoding = 'UTF-8'?>
<Relation class="oracle.dbtools.crest.model.design.logical.Relation" name="Relation_4" directorySegmentName="seg_0" id="FA2144A6-3E09-D123-E7C1-588E14D69F18">
<createdBy>user</createdBy>
<createdTime>2023-09-12 02:51:37 UTC</createdTime>
<ownerDesignName>TUBES</ownerDesignName>
<engineerTo>
<item key="5ACFB836-6EC1-0EDA-6D7C-1125C8BCC6C3" value="true"/>
</engineerTo>
<sourcePk>9EE0C1A6-7186-DD3A-4569-7EB12B21808F</sourcePk>
<identifying>false</identifying>
<optionalSource>true</optionalSource>
<optionalTarget>false</optionalTarget>
<sourceCardinality>1</sourceCardinality>
<sourceEntity>BD2A16A4-9960-1C00-5FD6-0B9843F149CA</sourceEntity>
<targetCardinalityString>*</targetCardinalityString>
<targetEntity>B27B63F5-A004-E3F0-1861-E02F73AC96C7</targetEntity>
<transferable>true</transferable>
<deleteRule>NO ACTION</deleteRule>
</Relation>