<?xml version = '1.0' encoding = 'UTF-8'?>
<FKIndexAssociation class="oracle.dbtools.crest.model.design.relational.FKIndexAssociation" directorySegmentName="seg_0" id="0A11C679-35C7-2334-8610-00C418611A92" containerWithKeyObject="5C8EEF75-C731-4538-227E-DFAE530874AD" localFKIndex="87C68F1B-0771-3CFC-DB8A-E9F256FB91ED" name="EMPLOYEES_FullTimers_FK">
<createdBy>user</createdBy>
<createdTime>2023-11-30 02:56:13 UTC</createdTime>
<generatorID>433864EC-4E05-B82D-F316-3163B9A1A956</generatorID>
<ownerDesignName>TUBES</ownerDesignName>
<referredTableLongName>FullTimers</referredTableLongName>
<deleteRule>NO ACTION</deleteRule>
<referredTableID>D63C7B0D-450E-E678-C4BB-F3049B8EDADA</referredTableID>
<keyObject>69070E0D-45BD-8730-BFA9-C2F6AC1F7C9B</keyObject>
<referredKeyID>69070E0D-45BD-8730-BFA9-C2F6AC1F7C9B</referredKeyID>
<mandatory>true</mandatory>
<transferable>true</transferable>
<rely>false</rely>
<columnDependencyConstraintGenerateInDDL>true</columnDependencyConstraintGenerateInDDL>
</FKIndexAssociation>