<?xml version = '1.0' encoding = 'UTF-8'?>
<FKIndexAssociation class="oracle.dbtools.crest.model.design.relational.FKIndexAssociation" directorySegmentName="seg_0" id="140D0841-0412-6CAF-7AF9-C6ED2B1A9C69" containerWithKeyObject="0A25171D-951D-E0A2-4607-2058ED4C733D" localFKIndex="D531D4D6-BBD8-1E51-9DB5-FD30923D9E43" name="DEPARTEMENTS_EMPLOYEES_FK">
<createdBy>user</createdBy>
<createdTime>2023-11-30 02:56:13 UTC</createdTime>
<generatorID>E7535713-589A-4AA8-83D0-F061D2D6DB60</generatorID>
<ownerDesignName>TUBES</ownerDesignName>
<referredTableLongName>EMPLOYEES</referredTableLongName>
<deleteRule>NO ACTION</deleteRule>
<referredTableID>5C8EEF75-C731-4538-227E-DFAE530874AD</referredTableID>
<keyObject>7402AABB-A9EC-59AC-1EB0-F96D92B68F7E</keyObject>
<referredKeyID>7402AABB-A9EC-59AC-1EB0-F96D92B68F7E</referredKeyID>
<mandatory>true</mandatory>
<refColNames>employee_id</refColNames>
<transferable>true</transferable>
<rely>false</rely>
<columnDependencyConstraintGenerateInDDL>true</columnDependencyConstraintGenerateInDDL>
</FKIndexAssociation>