<?xml version = '1.0' encoding = 'UTF-8'?>
<FKIndexAssociation class="oracle.dbtools.crest.model.design.relational.FKIndexAssociation" directorySegmentName="seg_0" id="151F01B0-3DC7-0143-8F47-91B8C1DC82C9" containerWithKeyObject="FF4855BD-F3D6-36A1-9EA4-30C91A15165B" localFKIndex="1446F859-9BE3-DF53-950A-5B9B4AB39BED" name="LOCATIONS_COUNTRIES_FK">
<createdBy>user</createdBy>
<createdTime>2023-11-30 02:56:13 UTC</createdTime>
<generatorID>708ECE20-5750-69C5-D0F0-1D2BCA27CE98</generatorID>
<ownerDesignName>TUBES</ownerDesignName>
<referredTableLongName>COUNTRIES</referredTableLongName>
<deleteRule>NO ACTION</deleteRule>
<referredTableID>67423DDD-8647-C15A-13ED-C6F1B2E2A98C</referredTableID>
<keyObject>28E2A0A9-5F8E-F404-FB85-8AC50946A445</keyObject>
<referredKeyID>28E2A0A9-5F8E-F404-FB85-8AC50946A445</referredKeyID>
<mandatory>true</mandatory>
<refColNames>country_id</refColNames>
<transferable>true</transferable>
<rely>false</rely>
<columnDependencyConstraintGenerateInDDL>true</columnDependencyConstraintGenerateInDDL>
</FKIndexAssociation>