<?xml version = '1.0' encoding = 'UTF-8'?>
<FKIndexAssociation class="oracle.dbtools.crest.model.design.relational.FKIndexAssociation" directorySegmentName="seg_0" id="27A51BDC-9182-83BE-BC2B-DFBA1F12F6F8" containerWithKeyObject="5C8EEF75-C731-4538-227E-DFAE530874AD" localFKIndex="2DB343ED-E923-CC42-0F94-8CAD929A81C0" name="EMPLOYEES_JOBS_FK">
<createdBy>user</createdBy>
<createdTime>2023-11-30 02:56:13 UTC</createdTime>
<generatorID>9D2FDF41-1814-5BE6-35CA-353918A533D8</generatorID>
<ownerDesignName>TUBES</ownerDesignName>
<referredTableLongName>JOBS</referredTableLongName>
<deleteRule>NO ACTION</deleteRule>
<referredTableID>1FD82219-49C7-ACAA-69A3-2FB9600735F0</referredTableID>
<keyObject>BB692784-36A9-F9B9-A68F-E0CFFBC62068</keyObject>
<referredKeyID>BB692784-36A9-F9B9-A68F-E0CFFBC62068</referredKeyID>
<mandatory>true</mandatory>
<refColNames>job_id</refColNames>
<transferable>true</transferable>
<rely>false</rely>
<columnDependencyConstraintGenerateInDDL>true</columnDependencyConstraintGenerateInDDL>
</FKIndexAssociation>