<?xml version = '1.0' encoding = 'UTF-8'?>
<FKIndexAssociation class="oracle.dbtools.crest.model.design.relational.FKIndexAssociation" directorySegmentName="seg_0" id="2C0CB872-4C17-83B8-673C-9FF3B8645B59" containerWithKeyObject="BCE608B4-5231-BE37-5190-36353585770D" localFKIndex="E1C653CD-4C5D-0BFD-CE07-EE5EF0152BFB" name="WareHouse_DEPARTEMENTS_FK">
<createdBy>user</createdBy>
<createdTime>2023-11-30 02:56:13 UTC</createdTime>
<generatorID>4D5C4FA9-E69C-E95A-4881-C8B2228F2D5F</generatorID>
<ownerDesignName>TUBES</ownerDesignName>
<referredTableLongName>DEPARTEMENTS</referredTableLongName>
<deleteRule>NO ACTION</deleteRule>
<referredTableID>0A25171D-951D-E0A2-4607-2058ED4C733D</referredTableID>
<keyObject>74E7C138-606A-2C48-3AD3-23DCE87ED678</keyObject>
<referredKeyID>74E7C138-606A-2C48-3AD3-23DCE87ED678</referredKeyID>
<mandatory>true</mandatory>
<refColNames>departement_id</refColNames>
<transferable>true</transferable>
<rely>false</rely>
<columnDependencyConstraintGenerateInDDL>true</columnDependencyConstraintGenerateInDDL>
</FKIndexAssociation>