<?xml version = '1.0' encoding = 'UTF-8'?>
<FKIndexAssociation class="oracle.dbtools.crest.model.design.relational.FKIndexAssociation" directorySegmentName="seg_0" id="4174A16E-1487-2326-9189-69CC675D482F" containerWithKeyObject="1FD82219-49C7-ACAA-69A3-2FB9600735F0" localFKIndex="CB83230A-F8F5-8000-3F33-3EEA7DF6965B" name="JOBS_DEPARTEMENTS_FK">
<createdBy>user</createdBy>
<createdTime>2023-11-30 02:56:13 UTC</createdTime>
<generatorID>56F734DE-74CB-33B7-B071-C41256EE5524</generatorID>
<ownerDesignName>TUBES</ownerDesignName>
<referredTableLongName>DEPARTEMENTS</referredTableLongName>
<deleteRule>NO ACTION</deleteRule>
<referredTableID>0A25171D-951D-E0A2-4607-2058ED4C733D</referredTableID>
<keyObject>74E7C138-606A-2C48-3AD3-23DCE87ED678</keyObject>
<referredKeyID>74E7C138-606A-2C48-3AD3-23DCE87ED678</referredKeyID>
<mandatory>true</mandatory>
<refColNames>departement_id</refColNames>
<transferable>true</transferable>
<rely>false</rely>
<columnDependencyConstraintGenerateInDDL>true</columnDependencyConstraintGenerateInDDL>
</FKIndexAssociation>