<?xml version = '1.0' encoding = 'UTF-8'?>
<FKIndexAssociation class="oracle.dbtools.crest.model.design.relational.FKIndexAssociation" directorySegmentName="seg_0" id="677A0FBF-F5ED-54DB-F6E0-9A8BDA623287" containerWithKeyObject="D63C7B0D-450E-E678-C4BB-F3049B8EDADA" localFKIndex="678CC9C3-7F81-729C-4711-D1C72735D09A" name="FullTimers_Grade_Golongan_FK">
<createdBy>user</createdBy>
<createdTime>2023-11-30 02:56:13 UTC</createdTime>
<generatorID>2CBFCC0A-1F8D-B4C9-B39F-288BC6FFF659</generatorID>
<ownerDesignName>TUBES</ownerDesignName>
<referredTableLongName>Grade_Golongan</referredTableLongName>
<deleteRule>NO ACTION</deleteRule>
<referredTableID>D8F061E7-C121-7A92-4181-97E60FB342B1</referredTableID>
<keyObject>2BD29D99-1A2A-7F26-3DF4-D838A31AA1A8</keyObject>
<referredKeyID>2BD29D99-1A2A-7F26-3DF4-D838A31AA1A8</referredKeyID>
<mandatory>true</mandatory>
<refColNames>golongan</refColNames>
<transferable>true</transferable>
<rely>false</rely>
<columnDependencyConstraintGenerateInDDL>true</columnDependencyConstraintGenerateInDDL>
</FKIndexAssociation>