<?xml version = '1.0' encoding = 'UTF-8'?>
<FKIndexAssociation class="oracle.dbtools.crest.model.design.relational.FKIndexAssociation" directorySegmentName="seg_0" id="6FD80E10-6F2A-87C8-EBE3-FA96B67E74FA" containerWithKeyObject="85705386-0709-6F3F-98E9-F33F9381FE83" localFKIndex="1D4137C6-A427-2BBC-37FA-09430E868117" name="Do_Jobs_EMPLOYEES_FK">
<createdBy>user</createdBy>
<createdTime>2023-11-30 02:56:13 UTC</createdTime>
<generatorID>A9177A84-7AC1-F923-AD19-BAB8A5F2C358</generatorID>
<ownerDesignName>TUBES</ownerDesignName>
<referredTableLongName>EMPLOYEES</referredTableLongName>
<deleteRule>NO ACTION</deleteRule>
<referredTableID>5C8EEF75-C731-4538-227E-DFAE530874AD</referredTableID>
<keyObject>7402AABB-A9EC-59AC-1EB0-F96D92B68F7E</keyObject>
<referredKeyID>7402AABB-A9EC-59AC-1EB0-F96D92B68F7E</referredKeyID>
<mandatory>true</mandatory>
<refColNames>employee_id</refColNames>
<transferable>true</transferable>
<rely>false</rely>
<columnDependencyConstraintGenerateInDDL>true</columnDependencyConstraintGenerateInDDL>
</FKIndexAssociation>