<?xml version = '1.0' encoding = 'UTF-8'?>
<FKIndexAssociation class="oracle.dbtools.crest.model.design.relational.FKIndexAssociation" directorySegmentName="seg_0" id="906224AE-2E70-8FB0-DF92-86D228B95C9D" containerWithKeyObject="3F32F196-AA94-985B-19B1-7286324FDECA" localFKIndex="9A8F2BBD-F28E-A5DC-CE64-0C504FED9CD3" name="Machine_Log_EMPLOYEES_FK">
<createdBy>user</createdBy>
<createdTime>2023-11-30 02:56:13 UTC</createdTime>
<generatorID>9C0F48AC-3BA0-4067-7EF3-90034EEE03CF</generatorID>
<ownerDesignName>TUBES</ownerDesignName>
<referredTableLongName>EMPLOYEES</referredTableLongName>
<deleteRule>NO ACTION</deleteRule>
<referredTableID>5C8EEF75-C731-4538-227E-DFAE530874AD</referredTableID>
<keyObject>7402AABB-A9EC-59AC-1EB0-F96D92B68F7E</keyObject>
<referredKeyID>7402AABB-A9EC-59AC-1EB0-F96D92B68F7E</referredKeyID>
<mandatory>true</mandatory>
<refColNames>employee_id</refColNames>
<transferable>true</transferable>
<rely>false</rely>
<columnDependencyConstraintGenerateInDDL>true</columnDependencyConstraintGenerateInDDL>
</FKIndexAssociation>