<?xml version = '1.0' encoding = 'UTF-8'?>
<FKIndexAssociation class="oracle.dbtools.crest.model.design.relational.FKIndexAssociation" directorySegmentName="seg_0" id="9ED3E741-DA8D-C066-9EF1-CCE2CEAFFA1C" containerWithKeyObject="5C8EEF75-C731-4538-227E-DFAE530874AD" localFKIndex="D052DB03-2C45-A0C6-35A3-4926CB553DB1" name="EMPLOYEES_PartTimers_FK">
<createdBy>user</createdBy>
<createdTime>2023-11-30 02:56:13 UTC</createdTime>
<generatorID>2C6ECB79-1C1A-E90E-BA6D-13F7EF32C662</generatorID>
<ownerDesignName>TUBES</ownerDesignName>
<referredTableLongName>PartTimers</referredTableLongName>
<deleteRule>NO ACTION</deleteRule>
<referredTableID>1DA70DEE-3E47-779D-BE16-3017EE11D141</referredTableID>
<keyObject>F260988E-9176-5A7E-ABAB-318FE85C2803</keyObject>
<referredKeyID>F260988E-9176-5A7E-ABAB-318FE85C2803</referredKeyID>
<mandatory>true</mandatory>
<transferable>true</transferable>
<rely>false</rely>
<columnDependencyConstraintGenerateInDDL>true</columnDependencyConstraintGenerateInDDL>
</FKIndexAssociation>