<?xml version = '1.0' encoding = 'UTF-8'?>
<FKIndexAssociation class="oracle.dbtools.crest.model.design.relational.FKIndexAssociation" directorySegmentName="seg_0" id="B3D6073B-554B-95B4-B736-69234CC8E33C" containerWithKeyObject="3F32F196-AA94-985B-19B1-7286324FDECA" localFKIndex="FE5CB50D-B7B9-659D-4DBB-8735B94C0E71" name="Machine_Log_Machine_FK">
<createdBy>user</createdBy>
<createdTime>2023-11-30 02:56:13 UTC</createdTime>
<generatorID>0D7F650C-6B97-6070-3943-5B3BDFB6580D</generatorID>
<ownerDesignName>TUBES</ownerDesignName>
<referredTableLongName>Machine</referredTableLongName>
<deleteRule>NO ACTION</deleteRule>
<referredTableID>D90D343C-9372-3CB0-AA7B-291025E76871</referredTableID>
<keyObject>1B5C1D13-D179-CC76-46BB-6FD745E6B941</keyObject>
<referredKeyID>1B5C1D13-D179-CC76-46BB-6FD745E6B941</referredKeyID>
<mandatory>true</mandatory>
<refColNames>machine_id</refColNames>
<transferable>true</transferable>
<rely>false</rely>
<columnDependencyConstraintGenerateInDDL>true</columnDependencyConstraintGenerateInDDL>
</FKIndexAssociation>