<?xml version = '1.0' encoding = 'UTF-8'?>
<FKIndexAssociation class="oracle.dbtools.crest.model.design.relational.FKIndexAssociation" directorySegmentName="seg_0" id="D3CD9CC8-D2F5-26BD-3686-51565DDA126A" containerWithKeyObject="0A25171D-951D-E0A2-4607-2058ED4C733D" localFKIndex="499BCABE-5C18-3979-15FF-49962E30898C" name="DEPARTEMENTS_LOCATIONS_FK">
<createdBy>user</createdBy>
<createdTime>2023-11-30 02:56:13 UTC</createdTime>
<generatorID>CCC10361-F6D0-FDAE-409F-21EDA7B01F30</generatorID>
<ownerDesignName>TUBES</ownerDesignName>
<referredTableLongName>LOCATIONS</referredTableLongName>
<deleteRule>NO ACTION</deleteRule>
<referredTableID>FF4855BD-F3D6-36A1-9EA4-30C91A15165B</referredTableID>
<keyObject>B83618AA-4587-6F02-6F88-0D78D53E4305</keyObject>
<referredKeyID>B83618AA-4587-6F02-6F88-0D78D53E4305</referredKeyID>
<mandatory>true</mandatory>
<refColNames>location_id</refColNames>
<transferable>true</transferable>
<rely>false</rely>
<columnDependencyConstraintGenerateInDDL>true</columnDependencyConstraintGenerateInDDL>
</FKIndexAssociation>