<?xml version = '1.0' encoding = 'UTF-8'?>
<FKIndexAssociation class="oracle.dbtools.crest.model.design.relational.FKIndexAssociation" directorySegmentName="seg_0" id="E4549CD6-5DDB-3F31-4213-E089BE84C151" containerWithKeyObject="5C8EEF75-C731-4538-227E-DFAE530874AD" localFKIndex="56377BA0-CE95-D742-8FAE-C7ABCB53297A" name="EMPLOYEES_DEPARTEMENTS_FK">
<createdBy>user</createdBy>
<createdTime>2023-11-30 02:56:13 UTC</createdTime>
<generatorID>CF5B3E1A-97EF-0063-8677-681BCD27B3EE</generatorID>
<ownerDesignName>TUBES</ownerDesignName>
<referredTableLongName>DEPARTEMENTS</referredTableLongName>
<deleteRule>NO ACTION</deleteRule>
<referredTableID>0A25171D-951D-E0A2-4607-2058ED4C733D</referredTableID>
<keyObject>74E7C138-606A-2C48-3AD3-23DCE87ED678</keyObject>
<referredKeyID>74E7C138-606A-2C48-3AD3-23DCE87ED678</referredKeyID>
<mandatory>true</mandatory>
<refColNames>departement_id</refColNames>
<transferable>true</transferable>
<rely>false</rely>
<columnDependencyConstraintGenerateInDDL>true</columnDependencyConstraintGenerateInDDL>
</FKIndexAssociation>