<?xml version = '1.0' encoding = 'UTF-8'?>
<FKIndexAssociation class="oracle.dbtools.crest.model.design.relational.FKIndexAssociation" directorySegmentName="seg_0" id="F176D2BB-ACCF-36A1-A565-CF889C6760A4" containerWithKeyObject="5C8EEF75-C731-4538-227E-DFAE530874AD" localFKIndex="A21FEEC9-041B-2066-B31A-2C28C7A4ECAF" name="EMPLOYEES_EMPLOYEES_FK">
<createdBy>user</createdBy>
<createdTime>2023-11-30 02:56:13 UTC</createdTime>
<generatorID>2EC86887-0B66-EBC1-F819-0F4BB6AB52E1</generatorID>
<ownerDesignName>TUBES</ownerDesignName>
<referredTableLongName>EMPLOYEES</referredTableLongName>
<deleteRule>NO ACTION</deleteRule>
<referredTableID>5C8EEF75-C731-4538-227E-DFAE530874AD</referredTableID>
<keyObject>7402AABB-A9EC-59AC-1EB0-F96D92B68F7E</keyObject>
<referredKeyID>7402AABB-A9EC-59AC-1EB0-F96D92B68F7E</referredKeyID>
<mandatory>true</mandatory>
<refColNames>employee_id</refColNames>
<transferable>true</transferable>
<rely>false</rely>
<columnDependencyConstraintGenerateInDDL>true</columnDependencyConstraintGenerateInDDL>
</FKIndexAssociation>