<?xml version = '1.0' encoding = 'UTF-8'?>
<FKIndexAssociation class="oracle.dbtools.crest.model.design.relational.FKIndexAssociation" directorySegmentName="seg_0" id="F6696DD0-9525-F0E9-403B-1968ADECAE82" containerWithKeyObject="D90D343C-9372-3CB0-AA7B-291025E76871" localFKIndex="B918849C-499C-9D66-4B84-32D293E83D4F" name="Machine_EMPLOYEES_FK">
<createdBy>user</createdBy>
<createdTime>2023-11-30 02:56:13 UTC</createdTime>
<generatorID>8128F7E9-D6B4-1225-CF44-08EB07395B10</generatorID>
<ownerDesignName>TUBES</ownerDesignName>
<referredTableLongName>EMPLOYEES</referredTableLongName>
<deleteRule>NO ACTION</deleteRule>
<referredTableID>5C8EEF75-C731-4538-227E-DFAE530874AD</referredTableID>
<keyObject>7402AABB-A9EC-59AC-1EB0-F96D92B68F7E</keyObject>
<referredKeyID>7402AABB-A9EC-59AC-1EB0-F96D92B68F7E</referredKeyID>
<mandatory>true</mandatory>
<refColNames>employee_id</refColNames>
<transferable>true</transferable>
<rely>false</rely>
<columnDependencyConstraintGenerateInDDL>true</columnDependencyConstraintGenerateInDDL>
</FKIndexAssociation>