<?xml version = '1.0' encoding = 'UTF-8'?>
<FKIndexAssociation class="oracle.dbtools.crest.model.design.relational.FKIndexAssociation" directorySegmentName="seg_0" id="F91EC602-0456-6902-70D0-A69627DF4DB5" containerWithKeyObject="67423DDD-8647-C15A-13ED-C6F1B2E2A98C" localFKIndex="3587D85C-D0F8-F708-D57B-A00BEA41FC00" name="COUNTRIES_REGION_FK">
<createdBy>user</createdBy>
<createdTime>2023-11-30 02:56:13 UTC</createdTime>
<generatorID>FA2144A6-3E09-D123-E7C1-588E14D69F18</generatorID>
<ownerDesignName>TUBES</ownerDesignName>
<referredTableLongName>REGION</referredTableLongName>
<deleteRule>NO ACTION</deleteRule>
<referredTableID>6643B6FA-4E27-77B8-84B6-4E66F7B1DA7D</referredTableID>
<keyObject>100E7B50-4441-5EDA-0FCC-F64B2F03E390</keyObject>
<referredKeyID>100E7B50-4441-5EDA-0FCC-F64B2F03E390</referredKeyID>
<mandatory>true</mandatory>
<refColNames>region_id</refColNames>
<transferable>true</transferable>
<rely>false</rely>
<columnDependencyConstraintGenerateInDDL>true</columnDependencyConstraintGenerateInDDL>
</FKIndexAssociation>