<?xml version = '1.0' encoding = 'UTF-8'?>
<FKIndexAssociation class="oracle.dbtools.crest.model.design.relational.FKIndexAssociation" directorySegmentName="seg_0" id="F94B63E5-B6A6-418B-7F49-E97C4A813B0E" containerWithKeyObject="85705386-0709-6F3F-98E9-F33F9381FE83" localFKIndex="71C42C6E-8D76-F7FD-244E-B37E24960930" name="Do_Jobs_JOBS_FK">
<createdBy>user</createdBy>
<createdTime>2023-11-30 02:56:13 UTC</createdTime>
<generatorID>A1B55CC5-B164-B216-0EAD-80FCA70278C2</generatorID>
<ownerDesignName>TUBES</ownerDesignName>
<referredTableLongName>JOBS</referredTableLongName>
<deleteRule>NO ACTION</deleteRule>
<referredTableID>1FD82219-49C7-ACAA-69A3-2FB9600735F0</referredTableID>
<keyObject>BB692784-36A9-F9B9-A68F-E0CFFBC62068</keyObject>
<referredKeyID>BB692784-36A9-F9B9-A68F-E0CFFBC62068</referredKeyID>
<mandatory>true</mandatory>
<refColNames>job_id</refColNames>
<transferable>true</transferable>
<rely>false</rely>
<columnDependencyConstraintGenerateInDDL>true</columnDependencyConstraintGenerateInDDL>
</FKIndexAssociation>