<?xml version = '1.0' encoding = 'UTF-8'?>
<relationalModel class="oracle.dbtools.crest.model.design.relational.RelationalDesign" name="Relational_1" id="5ACFB836-6EC1-0EDA-6D7C-1125C8BCC6C3" mainViewID="856D1B5A-C82B-649D-E3C0-F553FAA68719">
<createdBy>user</createdBy>
<createdTime>2023-09-12 02:27:20 UTC</createdTime>
<ownerDesignName>2b_MRizkiNurmuttaqin_ERD</ownerDesignName>
<shouldBeOpen>true</shouldBeOpen>
<selectedRDBMSSite>32076570-2523-435C-2E92-BF29817DFF70</selectedRDBMSSite>
</relationalModel>