<?xml version = '1.0' encoding = 'UTF-8'?>
<Diagram class="oracle.dbtools.crest.swingui.relational.DPVRelational" name="Relational_1" id="856D1B5A-C82B-649D-E3C0-F553FAA68719">
<createdBy>user</createdBy>
<modifiedBy>user</modifiedBy>
<createdTime>2023-09-12 02:54:16 UTC</createdTime>
<autoRoute>false</autoRoute>
<boxInbox>true</boxInbox>
<showLegend>false</showLegend>
<showLabels>false</showLabels>
<showRelAttributes>false</showRelAttributes>
<gridEnabled>false</gridEnabled>
<showGrid>false</showGrid>
<diagramColor>-1</diagramColor>
<display>false</display>
<notation>1</notation>
<objectViews>
<OView class="oracle.dbtools.crest.swingui.relational.TVTable" oid="17C31651-32B0-5AD9-0D79-39FC705BB38D" otype="Table" vid="F268BD81-B3D4-BFDE-3C85-B4B0EE495A27">
<hideElementsInCurrentOnly>false</hideElementsInCurrentOnly>
<bounds x="77" y="621" width="135" height="87"/>
</OView>
<OView class="oracle.dbtools.crest.swingui.relational.TVTable" oid="23F5B44B-0739-5F9C-85B5-90FA2F75B1F0" otype="Table" vid="5CE5D43B-9851-D8F6-3532-E11A0E4F1D34">
<hideElementsInCurrentOnly>false</hideElementsInCurrentOnly>
<bounds x="259" y="542" width="124" height="66"/>
</OView>
<OView class="oracle.dbtools.crest.swingui.relational.TVTable" oid="34FDC88C-0E82-EAE0-651E-93F6433CDFEE" otype="Table" vid="C073470C-CE54-E7D9-40F6-D8C9014F1A5F">
<hideElementsInCurrentOnly>false</hideElementsInCurrentOnly>
<bounds x="644" y="394" width="175" height="75"/>
</OView>
<OView class="oracle.dbtools.crest.swingui.relational.TVTable" oid="3AE75F56-E461-4CDA-808B-87CE6966B7A2" otype="Table" vid="5A59FC54-03CC-AB9B-902A-959AE1362B13">
<hideElementsInCurrentOnly>false</hideElementsInCurrentOnly>
<bounds x="646" y="280" width="173" height="65"/>
</OView>
<OView class="oracle.dbtools.crest.swingui.relational.TVTable" oid="498C7353-D425-3275-7BBE-5811F4BDDB91" otype="Table" vid="94D59615-9869-604E-AB2E-1ACF5550EBB5">
<hideElementsInCurrentOnly>false</hideElementsInCurrentOnly>
<bounds x="79" y="143" width="150" height="116"/>
</OView>
<OView class="oracle.dbtools.crest.swingui.relational.TVTable" oid="5570266F-6221-95C2-5050-B44B278C0CA3" otype="Table" vid="167D2FA5-3F7F-7831-B812-C24150621F08">
<hideElementsInCurrentOnly>false</hideElementsInCurrentOnly>
<bounds x="472" y="545" width="116" height="64"/>
</OView>
<OView class="oracle.dbtools.crest.swingui.relational.TVTable" oid="5AE01386-102B-B5D8-173C-68636F8BEFE6" otype="Table" vid="5AC9ABAA-2221-99CA-C2D8-17BDBD6B3542">
<hideElementsInCurrentOnly>false</hideElementsInCurrentOnly>
<bounds x="663" y="547" width="131" height="63"/>
</OView>
<OView class="oracle.dbtools.crest.swingui.relational.TVTable" oid="6731FD21-166B-6A19-DB54-45298F4DFADE" otype="Table" vid="2BC80C3B-A5F5-EDCE-095D-CAE6CD2C0E38">
<hideElementsInCurrentOnly>false</hideElementsInCurrentOnly>
<bounds x="369" y="0" width="137" height="69"/>
</OView>
<OView class="oracle.dbtools.crest.swingui.relational.TVTable" oid="702C46BA-E045-A4AB-CAE1-D34D8FDA5DE3" otype="Table" vid="BCD90888-DD26-6A49-7BDE-7D1D98D5C2D2">
<hideElementsInCurrentOnly>false</hideElementsInCurrentOnly>
<bounds x="356" y="235" width="223" height="237"/>
</OView>
<OView class="oracle.dbtools.crest.swingui.relational.TVTable" oid="7591EEEC-72A5-C316-4994-2C5C5CBEE82C" otype="Table" vid="492B949C-220E-52CC-572A-4FF4FDE9DB0D">
<hideElementsInCurrentOnly>false</hideElementsInCurrentOnly>
<bounds x="80" y="303" width="202" height="147"/>
</OView>
<OView class="oracle.dbtools.crest.swingui.relational.TVTable" oid="79A882AC-4ACB-3E99-EDE6-9036A12F21F7" otype="Table" vid="D3518601-FC3C-ED16-7A05-9FDED228F40F">
<hideElementsInCurrentOnly>false</hideElementsInCurrentOnly>
<bounds x="365" y="118" width="143" height="90"/>
</OView>
<OView class="oracle.dbtools.crest.swingui.relational.TVTable" oid="7B88DBC9-1D41-E324-97FE-34B456A2CDD0" otype="Table" vid="5E227E18-05E9-D7BB-4DDC-00997565D35C">
<hideElementsInCurrentOnly>false</hideElementsInCurrentOnly>
<bounds x="78" y="503" width="128" height="69"/>
</OView>
<OView class="oracle.dbtools.crest.swingui.relational.TVTable" oid="F064DB36-429F-46ED-6275-FED86E5BA538" otype="Table" vid="2C1257F5-C056-97F7-2297-26A10D12C930">
<hideElementsInCurrentOnly>false</hideElementsInCurrentOnly>
<bounds x="646" y="117" width="171" height="119"/>
</OView>
</objectViews>
<connectors>
<Connector class="oracle.dbtools.crest.swingui.relational.TVFKRelation" oid="00E18991-2B06-4D91-5C33-4EB40F3F25B8" otype="FKIndexAssociation" vid_source="C073470C-CE54-E7D9-40F6-D8C9014F1A5F" vid_target="5A59FC54-03CC-AB9B-902A-959AE1362B13">
<hideElementsInCurrentOnly>false</hideElementsInCurrentOnly>
<backgroundColor>-16777216</backgroundColor>
<lineWidth>1</lineWidth>
<points>
<point x="732" y="394"/>
<point x="732" y="345"/>
</points>
</Connector>
<Connector class="oracle.dbtools.crest.swingui.relational.TVFKRelation" oid="035992BC-F446-ADD5-F2E3-3395C001286B" otype="FKIndexAssociation" vid_source="D3518601-FC3C-ED16-7A05-9FDED228F40F" vid_target="492B949C-220E-52CC-572A-4FF4FDE9DB0D">
<hideElementsInCurrentOnly>false</hideElementsInCurrentOnly>
<backgroundColor>-16777216</backgroundColor>
<lineWidth>1</lineWidth>
<points>
<point x="382" y="208"/>
<point x="268" y="303"/>
</points>
</Connector>
<Connector class="oracle.dbtools.crest.swingui.relational.TVFKRelation" oid="1312F73E-70EF-55E9-D566-8B7062B7B084" otype="FKIndexAssociation" vid_source="BCD90888-DD26-6A49-7BDE-7D1D98D5C2D2" vid_target="5CE5D43B-9851-D8F6-3532-E11A0E4F1D34">
<hideElementsInCurrentOnly>false</hideElementsInCurrentOnly>
<backgroundColor>-16777216</backgroundColor>
<lineWidth>1</lineWidth>
<points>
<point x="369" y="472"/>
<point x="369" y="542"/>
</points>
</Connector>
<Connector class="oracle.dbtools.crest.swingui.relational.TVFKRelation" oid="1FD560DE-A6A9-961B-7E2D-CC25731B6A76" otype="FKIndexAssociation" vid_source="D3518601-FC3C-ED16-7A05-9FDED228F40F" vid_target="94D59615-9869-604E-AB2E-1ACF5550EBB5">
<hideElementsInCurrentOnly>false</hideElementsInCurrentOnly>
<backgroundColor>-16777216</backgroundColor>
<lineWidth>1</lineWidth>
<points>
<point x="365" y="175"/>
<point x="229" y="175"/>
</points>
</Connector>
<Connector class="oracle.dbtools.crest.swingui.relational.TVFKRelation" oid="252D2493-E137-8F3B-C349-2A694B281A59" otype="FKIndexAssociation" vid_source="492B949C-220E-52CC-572A-4FF4FDE9DB0D" vid_target="5E227E18-05E9-D7BB-4DDC-00997565D35C">
<hideElementsInCurrentOnly>false</hideElementsInCurrentOnly>
<backgroundColor>-16777216</backgroundColor>
<lineWidth>1</lineWidth>
<points>
<point x="143" y="450"/>
<point x="143" y="503"/>
</points>
</Connector>
<Connector class="oracle.dbtools.crest.swingui.relational.TVFKRelation" oid="28A2D2F1-CD89-8D6F-FBA6-28BE16FC0BF6" otype="FKIndexAssociation" vid_source="2C1257F5-C056-97F7-2297-26A10D12C930" vid_target="D3518601-FC3C-ED16-7A05-9FDED228F40F">
<hideElementsInCurrentOnly>false</hideElementsInCurrentOnly>
<backgroundColor>-16777216</backgroundColor>
<lineWidth>1</lineWidth>
<points>
<point x="646" y="163"/>
<point x="508" y="163"/>
</points>
</Connector>
<Connector class="oracle.dbtools.crest.swingui.relational.TVFKRelation" oid="3DBACB4D-323B-0B0A-2807-AD3A4541036C" otype="FKIndexAssociation" vid_source="D3518601-FC3C-ED16-7A05-9FDED228F40F" vid_target="BCD90888-DD26-6A49-7BDE-7D1D98D5C2D2">
<hideElementsInCurrentOnly>false</hideElementsInCurrentOnly>
<backgroundColor>-16777216</backgroundColor>
<lineWidth>1</lineWidth>
<points>
<point x="421" y="208"/>
<point x="421" y="235"/>
</points>
</Connector>
<Connector class="oracle.dbtools.crest.swingui.relational.TVFKRelation" oid="4CD63C3E-693E-7AFC-7FF5-D2F51B2B79AD" otype="FKIndexAssociation" vid_source="BCD90888-DD26-6A49-7BDE-7D1D98D5C2D2" vid_target="167D2FA5-3F7F-7831-B812-C24150621F08">
<hideElementsInCurrentOnly>false</hideElementsInCurrentOnly>
<backgroundColor>-16777216</backgroundColor>
<lineWidth>1</lineWidth>
<points>
<point x="437" y="472"/>
<point x="437" y="573"/>
<point x="472" y="573"/>
</points>
</Connector>
<Connector class="oracle.dbtools.crest.swingui.relational.TVFKRelation" oid="4FB12CF1-D6F5-3AF3-1624-E41A0A19F5D3" otype="FKIndexAssociation" vid_source="BCD90888-DD26-6A49-7BDE-7D1D98D5C2D2" vid_target="D3518601-FC3C-ED16-7A05-9FDED228F40F">
<hideElementsInCurrentOnly>false</hideElementsInCurrentOnly>
<backgroundColor>-16777216</backgroundColor>
<lineWidth>1</lineWidth>
<points>
<point x="436" y="235"/>
<point x="436" y="208"/>
</points>
</Connector>
<Connector class="oracle.dbtools.crest.swingui.relational.TVFKRelation" oid="8729B55A-6141-2730-2760-B9459E2003EE" otype="FKIndexAssociation" vid_source="BCD90888-DD26-6A49-7BDE-7D1D98D5C2D2" vid_target="BCD90888-DD26-6A49-7BDE-7D1D98D5C2D2">
<hideElementsInCurrentOnly>false</hideElementsInCurrentOnly>
<backgroundColor>-16777216</backgroundColor>
<lineWidth>1</lineWidth>
<points>
<point x="523" y="360"/>
<point x="523" y="357"/>
<point x="523" y="469"/>
<point x="439" y="469"/>
<point x="439" y="472"/>
</points>
</Connector>
<Connector class="oracle.dbtools.crest.swingui.relational.TVFKRelation" oid="93CF92DA-2E1B-7C3D-D97F-F16AA970D80B" otype="FKIndexAssociation" vid_source="167D2FA5-3F7F-7831-B812-C24150621F08" vid_target="BCD90888-DD26-6A49-7BDE-7D1D98D5C2D2">
<hideElementsInCurrentOnly>false</hideElementsInCurrentOnly>
<backgroundColor>-16777216</backgroundColor>
<lineWidth>1</lineWidth>
<points>
<point x="525" y="545"/>
<point x="525" y="472"/>
</points>
</Connector>
<Connector class="oracle.dbtools.crest.swingui.relational.TVFKRelation" oid="9AB25BD5-3F3A-6DE1-3078-728634BEAF88" otype="FKIndexAssociation" vid_source="5A59FC54-03CC-AB9B-902A-959AE1362B13" vid_target="2C1257F5-C056-97F7-2297-26A10D12C930">
<hideElementsInCurrentOnly>false</hideElementsInCurrentOnly>
<backgroundColor>-16777216</backgroundColor>
<lineWidth>1</lineWidth>
<points>
<point x="731" y="280"/>
<point x="731" y="236"/>
</points>
</Connector>
<Connector class="oracle.dbtools.crest.swingui.relational.TVFKRelation" oid="B1D25846-2AF9-38D6-5970-3EF737274751" otype="FKIndexAssociation" vid_source="5CE5D43B-9851-D8F6-3532-E11A0E4F1D34" vid_target="BCD90888-DD26-6A49-7BDE-7D1D98D5C2D2">
<hideElementsInCurrentOnly>false</hideElementsInCurrentOnly>
<backgroundColor>-16777216</backgroundColor>
<lineWidth>1</lineWidth>
<points>
<point x="383" y="578"/>
<point x="402" y="578"/>
<point x="402" y="472"/>
</points>
</Connector>
<Connector class="oracle.dbtools.crest.swingui.relational.TVFKRelation" oid="B2A7D911-50DF-4F01-DF37-E37F142305F6" otype="FKIndexAssociation" vid_source="D3518601-FC3C-ED16-7A05-9FDED228F40F" vid_target="2BC80C3B-A5F5-EDCE-095D-CAE6CD2C0E38">
<hideElementsInCurrentOnly>false</hideElementsInCurrentOnly>
<backgroundColor>-16777216</backgroundColor>
<lineWidth>1</lineWidth>
<points>
<point x="437" y="118"/>
<point x="437" y="69"/>
</points>
</Connector>
<Connector class="oracle.dbtools.crest.swingui.relational.TVFKRelation" oid="BFD206B6-6391-5289-9AC1-15D65A466F61" otype="FKIndexAssociation" vid_source="5E227E18-05E9-D7BB-4DDC-00997565D35C" vid_target="F268BD81-B3D4-BFDE-3C85-B4B0EE495A27">
<hideElementsInCurrentOnly>false</hideElementsInCurrentOnly>
<backgroundColor>-16777216</backgroundColor>
<lineWidth>1</lineWidth>
<points>
<point x="142" y="572"/>
<point x="142" y="621"/>
</points>
</Connector>
<Connector class="oracle.dbtools.crest.swingui.relational.TVFKRelation" oid="C43925AD-7B18-ABA4-B519-4A8C46BF8019" otype="FKIndexAssociation" vid_source="492B949C-220E-52CC-572A-4FF4FDE9DB0D" vid_target="BCD90888-DD26-6A49-7BDE-7D1D98D5C2D2">
<hideElementsInCurrentOnly>false</hideElementsInCurrentOnly>
<backgroundColor>-16777216</backgroundColor>
<lineWidth>1</lineWidth>
<points>
<point x="282" y="376"/>
<point x="356" y="376"/>
</points>
</Connector>
<Connector class="oracle.dbtools.crest.swingui.relational.TVFKRelation" oid="DFAD041E-2B10-BE85-FBC8-477BE364D68C" otype="FKIndexAssociation" vid_source="492B949C-220E-52CC-572A-4FF4FDE9DB0D" vid_target="94D59615-9869-604E-AB2E-1ACF5550EBB5">
<hideElementsInCurrentOnly>false</hideElementsInCurrentOnly>
<backgroundColor>-16777216</backgroundColor>
<lineWidth>1</lineWidth>
<points>
<point x="154" y="303"/>
<point x="154" y="259"/>
</points>
</Connector>
<Connector class="oracle.dbtools.crest.swingui.relational.TVFKRelation" oid="F42913A2-518F-A50C-9D28-ECAC85F08C66" otype="FKIndexAssociation" vid_source="BCD90888-DD26-6A49-7BDE-7D1D98D5C2D2" vid_target="94D59615-9869-604E-AB2E-1ACF5550EBB5">
<hideElementsInCurrentOnly>false</hideElementsInCurrentOnly>
<backgroundColor>-16777216</backgroundColor>
<lineWidth>1</lineWidth>
<points>
<point x="356" y="247"/>
<point x="229" y="247"/>
</points>
</Connector>
<Connector class="oracle.dbtools.crest.swingui.relational.TVFKRelation" oid="FF61B3E8-02E8-6E23-0374-372A4E0F00BB" otype="FKIndexAssociation" vid_source="5AC9ABAA-2221-99CA-C2D8-17BDBD6B3542" vid_target="167D2FA5-3F7F-7831-B812-C24150621F08">
<hideElementsInCurrentOnly>false</hideElementsInCurrentOnly>
<backgroundColor>-16777216</backgroundColor>
<lineWidth>1</lineWidth>
<points>
<point x="663" y="578"/>
<point x="588" y="578"/>
</points>
</Connector>
</connectors>
</Diagram>