<?xml version = '1.0' encoding = 'UTF-8'?>
<Diagram class="oracle.dbtools.crest.swingui.logical.DPVLogical" name="Logical" id="51703864-0E76-5217-FA1C-9E34C53B8EAB">
<createdBy>user</createdBy>
<modifiedBy>user</modifiedBy>
<createdTime>2023-09-12 02:28:01 UTC</createdTime>
<autoRoute>false</autoRoute>
<boxInbox>true</boxInbox>
<showLegend>false</showLegend>
<showLabels>false</showLabels>
<showRelAttributes>false</showRelAttributes>
<gridEnabled>false</gridEnabled>
<showGrid>false</showGrid>
<diagramColor>-1</diagramColor>
<display>false</display>
<notation>1</notation>
<objectViews>
<OView class="oracle.dbtools.crest.swingui.logical.TVEntity" oid="42140317-ADBA-9178-9C65-04BA164055AE" otype="Entity" vid="A8557161-6D1E-2188-809A-1407329DCE89">
<hideElementsInCurrentOnly>false</hideElementsInCurrentOnly>
<bounds x="77" y="474" width="128" height="69"/>
</OView>
<OView class="oracle.dbtools.crest.swingui.logical.TVEntity" oid="546C0C87-3EAA-9B40-EFBC-8BCC3B77A2A5" otype="Entity" vid="B06AC692-2C4E-689C-688A-F3F2B49F525F">
<hideElementsInCurrentOnly>false</hideElementsInCurrentOnly>
<bounds x="77" y="621" width="135" height="87"/>
</OView>
<OView class="oracle.dbtools.crest.swingui.logical.TVEntity" oid="57CB87C1-F7FD-A465-B0C9-D752E4EE7D61" otype="Entity" vid="EB9A1805-7392-8349-2257-18A9F228898D">
<hideElementsInCurrentOnly>false</hideElementsInCurrentOnly>
<bounds x="369" y="0" width="137" height="69"/>
</OView>
<OView class="oracle.dbtools.crest.swingui.logical.TVEntity" oid="641B27E5-2A84-20C3-09A3-5EF9FB31F8BF" otype="Entity" vid="58C830BC-3949-2FAE-ABB9-6EE3C0F57EC7">
<hideElementsInCurrentOnly>false</hideElementsInCurrentOnly>
<bounds x="365" y="118" width="143" height="67"/>
</OView>
<OView class="oracle.dbtools.crest.swingui.logical.TVEntity" oid="661FE0A8-76AA-CC4E-2CA4-DDD128E2AE73" otype="Entity" vid="C6AA10A1-FA8D-0260-1DAD-E69682CD18DE">
<hideElementsInCurrentOnly>false</hideElementsInCurrentOnly>
<bounds x="80" y="303" width="121" height="115"/>
</OView>
<OView class="oracle.dbtools.crest.swingui.logical.TVEntity" oid="7A4808EE-9E2A-77AA-A6EC-0DF7D8CDD103" otype="Entity" vid="A099FDD4-8646-A010-1364-9C62C59CD7C0">
<hideElementsInCurrentOnly>false</hideElementsInCurrentOnly>
<bounds x="373" y="235" width="142" height="209"/>
</OView>
<OView class="oracle.dbtools.crest.swingui.logical.TVEntity" oid="8D8F86B7-1A66-756B-DBCE-C62BCB026975" otype="Entity" vid="F9DEBCE8-65D2-C6C9-B11C-EA93822814CF">
<hideElementsInCurrentOnly>false</hideElementsInCurrentOnly>
<bounds x="81" y="150" width="127" height="105"/>
</OView>
<OView class="oracle.dbtools.crest.swingui.logical.TVEntity" oid="9F7945EB-72D3-4058-CA66-F5ECF25F31DA" otype="Entity" vid="128B62BA-B188-10E3-F5E2-161430382A0C">
<hideElementsInCurrentOnly>false</hideElementsInCurrentOnly>
<bounds x="259" y="542" width="124" height="66"/>
</OView>
<OView class="oracle.dbtools.crest.swingui.logical.TVEntity" oid="A4BFE5D0-1D59-97D7-B4BD-16FD55A8DE16" otype="Entity" vid="0AAA3F8E-A71C-6E18-A070-EA8FBDA59C00">
<hideElementsInCurrentOnly>false</hideElementsInCurrentOnly>
<bounds x="472" y="545" width="116" height="64"/>
</OView>
<OView class="oracle.dbtools.crest.swingui.logical.TVEntity" oid="B27B63F5-A004-E3F0-1861-E02F73AC96C7" otype="Entity" vid="7D19BC05-5FC0-7592-C4A6-F6BB8E5A1290">
<hideElementsInCurrentOnly>false</hideElementsInCurrentOnly>
<bounds x="646" y="280" width="173" height="65"/>
</OView>
<OView class="oracle.dbtools.crest.swingui.logical.TVEntity" oid="BA3209F2-FBF0-9D9A-95F0-FED938055D8F" otype="Entity" vid="8F5C32B7-0C0E-C686-D13B-F9545F7B4052">
<hideElementsInCurrentOnly>false</hideElementsInCurrentOnly>
<bounds x="646" y="117" width="171" height="119"/>
</OView>
<OView class="oracle.dbtools.crest.swingui.logical.TVEntity" oid="BD2A16A4-9960-1C00-5FD6-0B9843F149CA" otype="Entity" vid="6F5351C2-1ECA-2AF3-3FCC-135EA3F7DBA2">
<hideElementsInCurrentOnly>false</hideElementsInCurrentOnly>
<bounds x="644" y="394" width="175" height="75"/>
</OView>
<OView class="oracle.dbtools.crest.swingui.logical.TVEntity" oid="F442498A-C355-608F-8719-65440B76867F" otype="Entity" vid="AC0C7618-A1C3-F44A-9EA3-FA4206426B09">
<hideElementsInCurrentOnly>false</hideElementsInCurrentOnly>
<bounds x="663" y="547" width="131" height="63"/>
</OView>
</objectViews>
<connectors>
<Connector class="oracle.dbtools.crest.swingui.logical.TVRelation" oid="0D7F650C-6B97-6070-3943-5B3BDFB6580D" otype="Relation" vid_source="A8557161-6D1E-2188-809A-1407329DCE89" vid_target="B06AC692-2C4E-689C-688A-F3F2B49F525F">
<hideElementsInCurrentOnly>false</hideElementsInCurrentOnly>
<backgroundColor>-16777216</backgroundColor>
<lineWidth>1</lineWidth>
<points>
<point x="171" y="543"/>
<point x="171" y="621"/>
</points>
</Connector>
<Connector class="oracle.dbtools.crest.swingui.logical.TVRelation" oid="2C6ECB79-1C1A-E90E-BA6D-13F7EF32C662" otype="Relation" vid_source="128B62BA-B188-10E3-F5E2-161430382A0C" vid_target="A099FDD4-8646-A010-1364-9C62C59CD7C0">
<hideElementsInCurrentOnly>false</hideElementsInCurrentOnly>
<backgroundColor>-16777216</backgroundColor>
<lineWidth>1</lineWidth>
<points>
<point x="383" y="578"/>
<point x="402" y="578"/>
<point x="402" y="444"/>
</points>
</Connector>
<Connector class="oracle.dbtools.crest.swingui.logical.TVRelation" oid="2CBFCC0A-1F8D-B4C9-B39F-288BC6FFF659" otype="Relation" vid_source="AC0C7618-A1C3-F44A-9EA3-FA4206426B09" vid_target="0AAA3F8E-A71C-6E18-A070-EA8FBDA59C00">
<hideElementsInCurrentOnly>false</hideElementsInCurrentOnly>
<backgroundColor>-16777216</backgroundColor>
<lineWidth>1</lineWidth>
<points>
<point x="663" y="578"/>
<point x="588" y="578"/>
</points>
</Connector>
<Connector class="oracle.dbtools.crest.swingui.logical.TVRelation" oid="2EC86887-0B66-EBC1-F819-0F4BB6AB52E1" otype="Relation" vid_source="A099FDD4-8646-A010-1364-9C62C59CD7C0" vid_target="A099FDD4-8646-A010-1364-9C62C59CD7C0">
<hideElementsInCurrentOnly>false</hideElementsInCurrentOnly>
<backgroundColor>-16777216</backgroundColor>
<lineWidth>1</lineWidth>
<points>
<point x="515" y="357"/>
<point x="540" y="357"/>
<point x="540" y="469"/>
<point x="456" y="469"/>
<point x="456" y="444"/>
</points>
</Connector>
<Connector class="oracle.dbtools.crest.swingui.logical.TVRelation" oid="40AC4F66-3A67-43DA-3A0A-5BCEAF7950B5" otype="Relation" vid_source="A099FDD4-8646-A010-1364-9C62C59CD7C0" vid_target="128B62BA-B188-10E3-F5E2-161430382A0C">
<hideElementsInCurrentOnly>false</hideElementsInCurrentOnly>
<backgroundColor>-16777216</backgroundColor>
<lineWidth>1</lineWidth>
<points>
<point x="378" y="444"/>
<point x="378" y="542"/>
</points>
</Connector>
<Connector class="oracle.dbtools.crest.swingui.logical.TVRelation" oid="433864EC-4E05-B82D-F316-3163B9A1A956" otype="Relation" vid_source="0AAA3F8E-A71C-6E18-A070-EA8FBDA59C00" vid_target="A099FDD4-8646-A010-1364-9C62C59CD7C0">
<hideElementsInCurrentOnly>false</hideElementsInCurrentOnly>
<backgroundColor>-16777216</backgroundColor>
<lineWidth>1</lineWidth>
<points>
<point x="493" y="545"/>
<point x="493" y="444"/>
</points>
</Connector>
<Connector class="oracle.dbtools.crest.swingui.logical.TVRelation" oid="4D5C4FA9-E69C-E95A-4881-C8B2228F2D5F" otype="Relation" vid_source="58C830BC-3949-2FAE-ABB9-6EE3C0F57EC7" vid_target="EB9A1805-7392-8349-2257-18A9F228898D">
<hideElementsInCurrentOnly>false</hideElementsInCurrentOnly>
<backgroundColor>-16777216</backgroundColor>
<lineWidth>1</lineWidth>
<points>
<point x="437" y="118"/>
<point x="437" y="69"/>
</points>
</Connector>
<Connector class="oracle.dbtools.crest.swingui.logical.TVRelation" oid="56F734DE-74CB-33B7-B071-C41256EE5524" otype="Relation" vid_source="58C830BC-3949-2FAE-ABB9-6EE3C0F57EC7" vid_target="C6AA10A1-FA8D-0260-1DAD-E69682CD18DE">
<hideElementsInCurrentOnly>false</hideElementsInCurrentOnly>
<backgroundColor>-16777216</backgroundColor>
<lineWidth>1</lineWidth>
<points>
<point x="389" y="185"/>
<point x="201" y="317"/>
</points>
</Connector>
<Connector class="oracle.dbtools.crest.swingui.logical.TVRelation" oid="6660283C-1032-FB57-AEE2-21FD336B5C46" otype="Relation" vid_source="C6AA10A1-FA8D-0260-1DAD-E69682CD18DE" vid_target="A8557161-6D1E-2188-809A-1407329DCE89">
<hideElementsInCurrentOnly>false</hideElementsInCurrentOnly>
<backgroundColor>-16777216</backgroundColor>
<lineWidth>1</lineWidth>
<points>
<point x="155" y="418"/>
<point x="155" y="474"/>
</points>
</Connector>
<Connector class="oracle.dbtools.crest.swingui.logical.TVRelation" oid="6E0AD38F-DCCD-71AF-C851-3A45C0C77B67" otype="Relation" vid_source="A099FDD4-8646-A010-1364-9C62C59CD7C0" vid_target="0AAA3F8E-A71C-6E18-A070-EA8FBDA59C00">
<hideElementsInCurrentOnly>false</hideElementsInCurrentOnly>
<backgroundColor>-16777216</backgroundColor>
<lineWidth>1</lineWidth>
<points>
<point x="437" y="444"/>
<point x="437" y="573"/>
<point x="472" y="573"/>
</points>
</Connector>
<Connector class="oracle.dbtools.crest.swingui.logical.TVRelation" oid="708ECE20-5750-69C5-D0F0-1D2BCA27CE98" otype="Relation" vid_source="7D19BC05-5FC0-7592-C4A6-F6BB8E5A1290" vid_target="8F5C32B7-0C0E-C686-D13B-F9545F7B4052">
<hideElementsInCurrentOnly>false</hideElementsInCurrentOnly>
<backgroundColor>-16777216</backgroundColor>
<lineWidth>1</lineWidth>
<points>
<point x="731" y="280"/>
<point x="731" y="236"/>
</points>
</Connector>
<Connector class="oracle.dbtools.crest.swingui.logical.TVRelation" oid="9D2FDF41-1814-5BE6-35CA-353918A533D8" otype="Relation" vid_source="C6AA10A1-FA8D-0260-1DAD-E69682CD18DE" vid_target="A099FDD4-8646-A010-1364-9C62C59CD7C0">
<hideElementsInCurrentOnly>false</hideElementsInCurrentOnly>
<backgroundColor>-16777216</backgroundColor>
<lineWidth>1</lineWidth>
<points>
<point x="201" y="390"/>
<point x="373" y="390"/>
</points>
</Connector>
<Connector class="oracle.dbtools.crest.swingui.logical.TVRelation" oid="A1B55CC5-B164-B216-0EAD-80FCA70278C2" otype="Relation" vid_source="C6AA10A1-FA8D-0260-1DAD-E69682CD18DE" vid_target="F9DEBCE8-65D2-C6C9-B11C-EA93822814CF">
<hideElementsInCurrentOnly>false</hideElementsInCurrentOnly>
<backgroundColor>-16777216</backgroundColor>
<lineWidth>1</lineWidth>
<points>
<point x="141" y="303"/>
<point x="141" y="255"/>
</points>
</Connector>
<Connector class="oracle.dbtools.crest.swingui.logical.TVRelation" oid="A9177A84-7AC1-F923-AD19-BAB8A5F2C358" otype="Relation" vid_source="A099FDD4-8646-A010-1364-9C62C59CD7C0" vid_target="F9DEBCE8-65D2-C6C9-B11C-EA93822814CF">
<hideElementsInCurrentOnly>false</hideElementsInCurrentOnly>
<backgroundColor>-16777216</backgroundColor>
<lineWidth>1</lineWidth>
<points>
<point x="373" y="245"/>
<point x="208" y="245"/>
</points>
</Connector>
<Connector class="oracle.dbtools.crest.swingui.logical.TVRelation" oid="CCC10361-F6D0-FDAE-409F-21EDA7B01F30" otype="Relation" vid_source="8F5C32B7-0C0E-C686-D13B-F9545F7B4052" vid_target="58C830BC-3949-2FAE-ABB9-6EE3C0F57EC7">
<hideElementsInCurrentOnly>false</hideElementsInCurrentOnly>
<backgroundColor>-16777216</backgroundColor>
<lineWidth>1</lineWidth>
<points>
<point x="646" y="151"/>
<point x="508" y="151"/>
</points>
</Connector>
<Connector class="oracle.dbtools.crest.swingui.logical.TVRelation" oid="CF5B3E1A-97EF-0063-8677-681BCD27B3EE" otype="Relation" vid_source="58C830BC-3949-2FAE-ABB9-6EE3C0F57EC7" vid_target="A099FDD4-8646-A010-1364-9C62C59CD7C0">
<hideElementsInCurrentOnly>false</hideElementsInCurrentOnly>
<backgroundColor>-16777216</backgroundColor>
<lineWidth>1</lineWidth>
<points>
<point x="440" y="185"/>
<point x="440" y="235"/>
</points>
</Connector>
<Connector class="oracle.dbtools.crest.swingui.logical.TVRelation" oid="E7535713-589A-4AA8-83D0-F061D2D6DB60" otype="Relation" vid_source="A099FDD4-8646-A010-1364-9C62C59CD7C0" vid_target="58C830BC-3949-2FAE-ABB9-6EE3C0F57EC7">
<hideElementsInCurrentOnly>false</hideElementsInCurrentOnly>
<backgroundColor>-16777216</backgroundColor>
<lineWidth>1</lineWidth>
<points>
<point x="455" y="235"/>
<point x="455" y="185"/>
</points>
</Connector>
<Connector class="oracle.dbtools.crest.swingui.logical.TVRelation" oid="FA2144A6-3E09-D123-E7C1-588E14D69F18" otype="Relation" vid_source="6F5351C2-1ECA-2AF3-3FCC-135EA3F7DBA2" vid_target="7D19BC05-5FC0-7592-C4A6-F6BB8E5A1290">
<hideElementsInCurrentOnly>false</hideElementsInCurrentOnly>
<backgroundColor>-16777216</backgroundColor>
<lineWidth>1</lineWidth>
<points>
<point x="732" y="394"/>
<point x="732" y="345"/>
</points>
</Connector>
</connectors>
</Diagram>