<?xml version = '1.0' encoding = 'UTF-8'?>
<Entity class="oracle.dbtools.crest.model.design.logical.Entity" directorySegmentName="seg_0" id="546C0C87-3EAA-9B40-EFBC-8BCC3B77A2A5" name="Machine_Log">
<createdBy>user</createdBy>
<createdTime>2023-11-23 11:45:32 UTC</createdTime>
<ownerDesignName>TUBES</ownerDesignName>
<engineerTo>
<item key="5ACFB836-6EC1-0EDA-6D7C-1125C8BCC6C3" value="true"/>
</engineerTo>
<adequatelyNormalized>NO</adequatelyNormalized>
<expectedVolumes>0</expectedVolumes>
<fwdEngineeringStrategyName>Single Table</fwdEngineeringStrategyName>
<growthPercent>0</growthPercent>
<growthType>Year</growthType>
<maxVolumes>9999999</maxVolumes>
<minVolumes>0</minVolumes>
<normalForm>Third</normalForm>
<attributes itemClass="oracle.dbtools.crest.model.design.logical.Attribute">
<Attribute name="Log_id" id="86D0B0DD-349B-0843-BA45-08E0FDDD72C4">
<createdBy>user</createdBy>
<createdTime>2023-11-23 11:45:47 UTC</createdTime>
<ownerDesignName>TUBES</ownerDesignName>
<engineerTo>
<item key="5ACFB836-6EC1-0EDA-6D7C-1125C8BCC6C3" value="true"/>
</engineerTo>
<useDomainConstraints>false</useDomainConstraints>
<use>1</use>
<logicalDatatype>LOGDT019</logicalDatatype>
<ownDataTypeParameters>,,</ownDataTypeParameters>
</Attribute>
<Attribute name="tanggal_kerusakan" id="D2425F4E-BCC8-EC11-B466-EF74D7B2D219">
<createdBy>user</createdBy>
<createdTime>2023-11-23 11:46:37 UTC</createdTime>
<ownerDesignName>TUBES</ownerDesignName>
<engineerTo>
<item key="5ACFB836-6EC1-0EDA-6D7C-1125C8BCC6C3" value="true"/>
</engineerTo>
<useDomainConstraints>false</useDomainConstraints>
<use>1</use>
<logicalDatatype>LOGDT007</logicalDatatype>
<ownDataTypeParameters>,,</ownDataTypeParameters>
</Attribute>
<Attribute name="statement_letter" id="0509A008-F357-4D26-6515-153A4C066271">
<createdBy>user</createdBy>
<createdTime>2023-11-23 11:48:27 UTC</createdTime>
<ownerDesignName>TUBES</ownerDesignName>
<engineerTo>
<item key="5ACFB836-6EC1-0EDA-6D7C-1125C8BCC6C3" value="true"/>
</engineerTo>
<useDomainConstraints>false</useDomainConstraints>
<use>1</use>
<logicalDatatype>LOGDT024</logicalDatatype>
<dataTypeSize>25</dataTypeSize>
<ownDataTypeParameters>25,,</ownDataTypeParameters>
</Attribute>
<Attribute name="status" id="7E17168E-FB19-002D-9689-0D6343E95F16">
<createdBy>user</createdBy>
<createdTime>2023-11-23 11:48:45 UTC</createdTime>
<ownerDesignName>TUBES</ownerDesignName>
<engineerTo>
<item key="5ACFB836-6EC1-0EDA-6D7C-1125C8BCC6C3" value="true"/>
</engineerTo>
<useDomainConstraints>false</useDomainConstraints>
<use>1</use>
<logicalDatatype>LOGDT024</logicalDatatype>
<dataTypeSize>15</dataTypeSize>
<ownDataTypeParameters>15,,</ownDataTypeParameters>
</Attribute>
<Attribute name="machine_id" id="75C4AB76-6679-F80B-20C9-06BCD7770A22">
<createdBy>user</createdBy>
<createdTime>2023-11-23 12:18:20 UTC</createdTime>
<generatorID>0D7F650C-6B97-6070-3943-5B3BDFB6580D</generatorID>
<ownerDesignName>TUBES</ownerDesignName>
<engineerTo>
<item key="5ACFB836-6EC1-0EDA-6D7C-1125C8BCC6C3" value="true"/>
</engineerTo>
<referedAttribute>BF6341AE-97F8-3E29-7E1F-62C76887C098</referedAttribute>
<useDomainConstraints>false</useDomainConstraints>
<use>1</use>
<logicalDatatype>LOGDT019</logicalDatatype>
<ownDataTypeParameters>,,</ownDataTypeParameters>
</Attribute>
<Attribute name="employee_id" id="ECD4342C-3FDB-7948-1B2F-06909234E4F7">
<createdBy>user</createdBy>
<createdTime>2023-11-29 13:04:04 UTC</createdTime>
<generatorID>9C0F48AC-3BA0-4067-7EF3-90034EEE03CF</generatorID>
<ownerDesignName>TUBES</ownerDesignName>
<engineerTo>
<item key="5ACFB836-6EC1-0EDA-6D7C-1125C8BCC6C3" value="true"/>
</engineerTo>
<referedAttribute>C4A81A08-04F3-6C14-8743-1505FAF581C5</referedAttribute>
<useDomainConstraints>false</useDomainConstraints>
<use>1</use>
<logicalDatatype>LOGDT019</logicalDatatype>
<ownDataTypeParameters>,,</ownDataTypeParameters>
</Attribute>
</attributes>
<identifiers itemClass="oracle.dbtools.crest.model.design.logical.CandidateKey">
<identifier id="D71FF89E-CDFD-C3B0-D449-D4A19F92B2CE" name="Machine_Log PK">
<createdBy>user</createdBy>
<createdTime>2023-11-23 11:46:35 UTC</createdTime>
<ownerDesignName>TUBES</ownerDesignName>
<shouldEngineer>false</shouldEngineer>
<engineerTo>
<item key="5ACFB836-6EC1-0EDA-6D7C-1125C8BCC6C3" value="false"/>
</engineerTo>
<pk>true</pk>
<usedAttributes>
<attributeRef>86D0B0DD-349B-0843-BA45-08E0FDDD72C4</attributeRef>
</usedAttributes>
</identifier>
</identifiers>
</Entity>