<?xml version = '1.0' encoding = 'UTF-8'?>
<Entity class="oracle.dbtools.crest.model.design.logical.Entity" directorySegmentName="seg_0" id="57CB87C1-F7FD-A465-B0C9-D752E4EE7D61" name="WareHouse">
<createdBy>user</createdBy>
<createdTime>2023-11-22 13:58:35 UTC</createdTime>
<ownerDesignName>TUBES</ownerDesignName>
<engineerTo>
<item key="5ACFB836-6EC1-0EDA-6D7C-1125C8BCC6C3" value="true"/>
</engineerTo>
<adequatelyNormalized>NO</adequatelyNormalized>
<expectedVolumes>0</expectedVolumes>
<fwdEngineeringStrategyName>Single Table</fwdEngineeringStrategyName>
<growthPercent>0</growthPercent>
<growthType>Year</growthType>
<maxVolumes>9999999</maxVolumes>
<minVolumes>0</minVolumes>
<normalForm>Third</normalForm>
<attributes itemClass="oracle.dbtools.crest.model.design.logical.Attribute">
<Attribute name="warehouse_id" id="65A319D3-5B07-F187-A593-4A17DEF4F792">
<createdBy>user</createdBy>
<createdTime>2023-11-22 13:58:43 UTC</createdTime>
<ownerDesignName>TUBES</ownerDesignName>
<engineerTo>
<item key="5ACFB836-6EC1-0EDA-6D7C-1125C8BCC6C3" value="true"/>
</engineerTo>
<useDomainConstraints>false</useDomainConstraints>
<use>1</use>
<logicalDatatype>LOGDT019</logicalDatatype>
<ownDataTypeParameters>,,</ownDataTypeParameters>
</Attribute>
<Attribute name="Luas" id="47A27823-73F0-1BBA-3AD6-BA318E9B59FA">
<createdBy>user</createdBy>
<createdTime>2023-11-22 13:59:14 UTC</createdTime>
<ownerDesignName>TUBES</ownerDesignName>
<engineerTo>
<item key="5ACFB836-6EC1-0EDA-6D7C-1125C8BCC6C3" value="true"/>
</engineerTo>
<useDomainConstraints>false</useDomainConstraints>
<use>1</use>
<logicalDatatype>LOGDT011</logicalDatatype>
<ownDataTypeParameters>,,</ownDataTypeParameters>
</Attribute>
<Attribute name="no_telepon" id="330AC805-FEDD-CA2C-61B1-FCB15E61D591">
<createdBy>user</createdBy>
<createdTime>2023-11-22 13:59:50 UTC</createdTime>
<ownerDesignName>TUBES</ownerDesignName>
<engineerTo>
<item key="5ACFB836-6EC1-0EDA-6D7C-1125C8BCC6C3" value="true"/>
</engineerTo>
<useDomainConstraints>false</useDomainConstraints>
<use>1</use>
<logicalDatatype>LOGDT024</logicalDatatype>
<dataTypeSize>25</dataTypeSize>
<ownDataTypeParameters>25,,</ownDataTypeParameters>
</Attribute>
<Attribute name="departement_id" id="3DF934EF-32A2-4E39-D76E-06FF40B7AEB9">
<createdBy>user</createdBy>
<createdTime>2023-11-22 14:02:42 UTC</createdTime>
<generatorID>4D5C4FA9-E69C-E95A-4881-C8B2228F2D5F</generatorID>
<ownerDesignName>TUBES</ownerDesignName>
<engineerTo>
<item key="5ACFB836-6EC1-0EDA-6D7C-1125C8BCC6C3" value="true"/>
</engineerTo>
<referedAttribute>F4AA0972-AB32-8835-E012-396B5C23515C</referedAttribute>
<useDomainConstraints>false</useDomainConstraints>
<use>1</use>
<logicalDatatype>LOGDT019</logicalDatatype>
<ownDataTypeParameters>,,</ownDataTypeParameters>
</Attribute>
</attributes>
<identifiers itemClass="oracle.dbtools.crest.model.design.logical.CandidateKey">
<identifier id="0C6F830D-7328-63B3-7551-30FA0D4466BA" name="WareHouse PK">
<createdBy>user</createdBy>
<createdTime>2023-11-22 13:59:12 UTC</createdTime>
<ownerDesignName>TUBES</ownerDesignName>
<engineerTo>
<item key="5ACFB836-6EC1-0EDA-6D7C-1125C8BCC6C3" value="true"/>
</engineerTo>
<pk>true</pk>
<usedAttributes>
<attributeRef>65A319D3-5B07-F187-A593-4A17DEF4F792</attributeRef>
</usedAttributes>
</identifier>
</identifiers>
</Entity>