<?xml version = '1.0' encoding = 'UTF-8'?>
<Entity class="oracle.dbtools.crest.model.design.logical.Entity" directorySegmentName="seg_0" id="641B27E5-2A84-20C3-09A3-5EF9FB31F8BF" name="DEPARTEMENTS">
<createdBy>user</createdBy>
<createdTime>2023-09-12 02:28:01 UTC</createdTime>
<ownerDesignName>TUBES</ownerDesignName>
<engineerTo>
<item key="5ACFB836-6EC1-0EDA-6D7C-1125C8BCC6C3" value="true"/>
</engineerTo>
<adequatelyNormalized>NO</adequatelyNormalized>
<expectedVolumes>0</expectedVolumes>
<fwdEngineeringStrategyName>Single Table</fwdEngineeringStrategyName>
<growthPercent>0</growthPercent>
<growthType>Year</growthType>
<maxVolumes>9999999</maxVolumes>
<minVolumes>0</minVolumes>
<normalForm>Third</normalForm>
<attributes itemClass="oracle.dbtools.crest.model.design.logical.Attribute">
<Attribute name="departement_id" id="F4AA0972-AB32-8835-E012-396B5C23515C">
<createdBy>user</createdBy>
<createdTime>2023-09-12 02:30:09 UTC</createdTime>
<ownerDesignName>TUBES</ownerDesignName>
<engineerTo>
<item key="5ACFB836-6EC1-0EDA-6D7C-1125C8BCC6C3" value="true"/>
</engineerTo>
<useDomainConstraints>false</useDomainConstraints>
<use>1</use>
<logicalDatatype>LOGDT019</logicalDatatype>
<ownDataTypeParameters>,,</ownDataTypeParameters>
</Attribute>
<Attribute name="departement_name" id="096B6396-D55C-B81E-354C-78C0E73D2FCE">
<createdBy>user</createdBy>
<createdTime>2023-09-12 02:30:26 UTC</createdTime>
<ownerDesignName>TUBES</ownerDesignName>
<engineerTo>
<item key="5ACFB836-6EC1-0EDA-6D7C-1125C8BCC6C3" value="true"/>
</engineerTo>
<useDomainConstraints>false</useDomainConstraints>
<use>1</use>
<logicalDatatype>A3A3C77D-0366-9768-FF89-1C25E56881C8</logicalDatatype>
<dataTypeSize>25</dataTypeSize>
<ownDataTypeParameters>25,,</ownDataTypeParameters>
</Attribute>
<Attribute name="location_id" id="F12DEFD1-9E76-28A6-776F-8F38D48A7521">
<createdBy>user</createdBy>
<createdTime>2023-09-12 02:51:51 UTC</createdTime>
<generatorID>CCC10361-F6D0-FDAE-409F-21EDA7B01F30</generatorID>
<ownerDesignName>TUBES</ownerDesignName>
<engineerTo>
<item key="5ACFB836-6EC1-0EDA-6D7C-1125C8BCC6C3" value="true"/>
</engineerTo>
<referedAttribute>4FF1292A-38D4-ABBA-DCE3-6E8CD2FB27B6</referedAttribute>
<useDomainConstraints>false</useDomainConstraints>
<use>1</use>
<logicalDatatype>LOGDT019</logicalDatatype>
<ownDataTypeParameters>,,</ownDataTypeParameters>
</Attribute>
<Attribute name="manager_id" id="40688392-515C-F673-286F-B158EE0C3075">
<createdBy>user</createdBy>
<createdTime>2023-09-12 02:55:17 UTC</createdTime>
<generatorID>E7535713-589A-4AA8-83D0-F061D2D6DB60</generatorID>
<ownerDesignName>TUBES</ownerDesignName>
<engineerTo>
<item key="5ACFB836-6EC1-0EDA-6D7C-1125C8BCC6C3" value="true"/>
</engineerTo>
<referedAttribute>C4A81A08-04F3-6C14-8743-1505FAF581C5</referedAttribute>
<useDomainConstraints>false</useDomainConstraints>
<use>1</use>
<logicalDatatype>LOGDT019</logicalDatatype>
<ownDataTypeParameters>,,</ownDataTypeParameters>
</Attribute>
</attributes>
<identifiers itemClass="oracle.dbtools.crest.model.design.logical.CandidateKey">
<identifier id="9EA197CD-121D-168D-1393-4ABB015C552D" name="DEPARTEMENTS PK">
<createdBy>user</createdBy>
<createdTime>2023-09-12 02:30:25 UTC</createdTime>
<ownerDesignName>TUBES</ownerDesignName>
<shouldEngineer>false</shouldEngineer>
<engineerTo>
<item key="5ACFB836-6EC1-0EDA-6D7C-1125C8BCC6C3" value="false"/>
</engineerTo>
<pk>true</pk>
<usedAttributes>
<attributeRef>F4AA0972-AB32-8835-E012-396B5C23515C</attributeRef>
</usedAttributes>
</identifier>
</identifiers>
</Entity>