<?xml version = '1.0' encoding = 'UTF-8'?>
<Entity class="oracle.dbtools.crest.model.design.logical.Entity" directorySegmentName="seg_0" id="661FE0A8-76AA-CC4E-2CA4-DDD128E2AE73" name="JOBS">
<createdBy>user</createdBy>
<createdTime>2023-09-12 02:45:54 UTC</createdTime>
<ownerDesignName>TUBES</ownerDesignName>
<engineerTo>
<item key="5ACFB836-6EC1-0EDA-6D7C-1125C8BCC6C3" value="true"/>
</engineerTo>
<adequatelyNormalized>NO</adequatelyNormalized>
<expectedVolumes>0</expectedVolumes>
<fwdEngineeringStrategyName>Single Table</fwdEngineeringStrategyName>
<growthPercent>0</growthPercent>
<growthType>Year</growthType>
<maxVolumes>9999999</maxVolumes>
<minVolumes>0</minVolumes>
<normalForm>Third</normalForm>
<attributes itemClass="oracle.dbtools.crest.model.design.logical.Attribute">
<Attribute name="job_id" id="02F7E925-6557-39B3-A9F5-35426B705606">
<createdBy>user</createdBy>
<createdTime>2023-09-12 02:46:07 UTC</createdTime>
<ownerDesignName>TUBES</ownerDesignName>
<engineerTo>
<item key="5ACFB836-6EC1-0EDA-6D7C-1125C8BCC6C3" value="true"/>
</engineerTo>
<useDomainConstraints>false</useDomainConstraints>
<use>1</use>
<logicalDatatype>LOGDT019</logicalDatatype>
<ownDataTypeParameters>,,</ownDataTypeParameters>
</Attribute>
<Attribute name="job_title" id="BC37D2F6-BF89-DAC7-A208-C4C7242D0771">
<createdBy>user</createdBy>
<createdTime>2023-09-12 02:46:21 UTC</createdTime>
<ownerDesignName>TUBES</ownerDesignName>
<engineerTo>
<item key="5ACFB836-6EC1-0EDA-6D7C-1125C8BCC6C3" value="true"/>
</engineerTo>
<useDomainConstraints>false</useDomainConstraints>
<use>1</use>
<logicalDatatype>LOGDT024</logicalDatatype>
<dataTypeSize>20</dataTypeSize>
<ownDataTypeParameters>20,,</ownDataTypeParameters>
</Attribute>
<Attribute name="min_salary" id="FCEE457A-3793-526C-0065-F11B28052415">
<createdBy>user</createdBy>
<createdTime>2023-09-12 02:47:13 UTC</createdTime>
<ownerDesignName>TUBES</ownerDesignName>
<engineerTo>
<item key="5ACFB836-6EC1-0EDA-6D7C-1125C8BCC6C3" value="true"/>
</engineerTo>
<useDomainConstraints>false</useDomainConstraints>
<use>1</use>
<logicalDatatype>LOGDT019</logicalDatatype>
<ownDataTypeParameters>,,</ownDataTypeParameters>
</Attribute>
<Attribute name="max_salary" id="BD5CD58C-1C65-0C2B-C7C4-28AB8882B83B">
<createdBy>user</createdBy>
<createdTime>2023-09-12 02:47:30 UTC</createdTime>
<ownerDesignName>TUBES</ownerDesignName>
<engineerTo>
<item key="5ACFB836-6EC1-0EDA-6D7C-1125C8BCC6C3" value="true"/>
</engineerTo>
<useDomainConstraints>false</useDomainConstraints>
<use>1</use>
<logicalDatatype>LOGDT019</logicalDatatype>
<ownDataTypeParameters>,,</ownDataTypeParameters>
</Attribute>
<Attribute name="start_date" id="2A7F44C0-04F7-B3F2-B501-FACBA507EEE9">
<createdBy>user</createdBy>
<createdTime>2023-11-23 10:50:39 UTC</createdTime>
<ownerDesignName>TUBES</ownerDesignName>
<engineerTo>
<item key="5ACFB836-6EC1-0EDA-6D7C-1125C8BCC6C3" value="true"/>
</engineerTo>
<useDomainConstraints>false</useDomainConstraints>
<use>1</use>
<logicalDatatype>LOGDT007</logicalDatatype>
<ownDataTypeParameters>,,</ownDataTypeParameters>
</Attribute>
<Attribute name="end_date" id="29A1C595-4F86-66D9-5844-9596DB094775">
<createdBy>user</createdBy>
<createdTime>2023-11-23 10:50:52 UTC</createdTime>
<ownerDesignName>TUBES</ownerDesignName>
<engineerTo>
<item key="5ACFB836-6EC1-0EDA-6D7C-1125C8BCC6C3" value="true"/>
</engineerTo>
<useDomainConstraints>false</useDomainConstraints>
<use>1</use>
<logicalDatatype>LOGDT007</logicalDatatype>
<ownDataTypeParameters>,,</ownDataTypeParameters>
</Attribute>
<Attribute name="departement_id" id="B8481896-D173-54AA-1875-D700ABF96E8C">
<createdBy>user</createdBy>
<createdTime>2023-11-23 10:53:26 UTC</createdTime>
<generatorID>56F734DE-74CB-33B7-B071-C41256EE5524</generatorID>
<ownerDesignName>TUBES</ownerDesignName>
<engineerTo>
<item key="5ACFB836-6EC1-0EDA-6D7C-1125C8BCC6C3" value="true"/>
</engineerTo>
<referedAttribute>F4AA0972-AB32-8835-E012-396B5C23515C</referedAttribute>
<useDomainConstraints>false</useDomainConstraints>
<use>1</use>
<logicalDatatype>LOGDT019</logicalDatatype>
<ownDataTypeParameters>,,</ownDataTypeParameters>
</Attribute>
</attributes>
<identifiers itemClass="oracle.dbtools.crest.model.design.logical.CandidateKey">
<identifier id="FAA93236-0670-17F6-A8B6-0807F7DEE1C2" name="JOBS PK">
<createdBy>user</createdBy>
<createdTime>2023-09-12 02:47:11 UTC</createdTime>
<ownerDesignName>TUBES</ownerDesignName>
<shouldEngineer>false</shouldEngineer>
<engineerTo>
<item key="5ACFB836-6EC1-0EDA-6D7C-1125C8BCC6C3" value="false"/>
</engineerTo>
<pk>true</pk>
<usedAttributes>
<attributeRef>02F7E925-6557-39B3-A9F5-35426B705606</attributeRef>
</usedAttributes>
</identifier>
</identifiers>
</Entity>