<?xml version = '1.0' encoding = 'UTF-8'?>
<Entity class="oracle.dbtools.crest.model.design.logical.Entity" directorySegmentName="seg_0" id="A4BFE5D0-1D59-97D7-B4BD-16FD55A8DE16" name="FullTimers">
<createdBy>user</createdBy>
<createdTime>2023-11-22 14:15:26 UTC</createdTime>
<ownerDesignName>TUBES</ownerDesignName>
<engineerTo>
<item key="5ACFB836-6EC1-0EDA-6D7C-1125C8BCC6C3" value="true"/>
</engineerTo>
<adequatelyNormalized>NO</adequatelyNormalized>
<expectedVolumes>0</expectedVolumes>
<fwdEngineeringStrategyName>Single Table</fwdEngineeringStrategyName>
<growthPercent>0</growthPercent>
<growthType>Year</growthType>
<maxVolumes>9999999</maxVolumes>
<minVolumes>0</minVolumes>
<normalForm>Third</normalForm>
<attributes itemClass="oracle.dbtools.crest.model.design.logical.Attribute">
<Attribute name="golongan" id="EFBB323B-0DD1-CD72-5D36-BA1D076DDFB4">
<createdBy>user</createdBy>
<createdTime>2023-11-23 10:47:13 UTC</createdTime>
<generatorID>2CBFCC0A-1F8D-B4C9-B39F-288BC6FFF659</generatorID>
<ownerDesignName>TUBES</ownerDesignName>
<engineerTo>
<item key="5ACFB836-6EC1-0EDA-6D7C-1125C8BCC6C3" value="true"/>
</engineerTo>
<referedAttribute>D67E5CD3-85BB-2280-3A5E-FDBA9C429F6F</referedAttribute>
<useDomainConstraints>false</useDomainConstraints>
<use>1</use>
<logicalDatatype>LOGDT024</logicalDatatype>
<dataTypeSize>2</dataTypeSize>
<ownDataTypeParameters>2,,</ownDataTypeParameters>
</Attribute>
</attributes>
<identifiers itemClass="oracle.dbtools.crest.model.design.logical.CandidateKey">
<identifier id="02607AB3-7BA1-9B7F-BE1A-1B5FE3CD9007" name="FullTimers PK">
<createdBy>user</createdBy>
<createdTime>2023-11-22 14:16:05 UTC</createdTime>
<ownerDesignName>TUBES</ownerDesignName>
<shouldEngineer>false</shouldEngineer>
<engineerTo>
<item key="5ACFB836-6EC1-0EDA-6D7C-1125C8BCC6C3" value="false"/>
</engineerTo>
<pk>true</pk>
</identifier>
</identifiers>
</Entity>