<?xml version = '1.0' encoding = 'UTF-8'?>
<Relation class="oracle.dbtools.crest.model.design.logical.Relation" name="Relation_29" directorySegmentName="seg_0" id="6E0AD38F-DCCD-71AF-C851-3A45C0C77B67">
<createdBy>user</createdBy>
<createdTime>2023-11-23 10:45:05 UTC</createdTime>
<ownerDesignName>TUBES</ownerDesignName>
<engineerTo>
<item key="5ACFB836-6EC1-0EDA-6D7C-1125C8BCC6C3" value="true"/>
</engineerTo>
<sourcePk>4E40F04F-D7B7-7263-2D33-22C88D874595</sourcePk>
<identifying>false</identifying>
<optionalSource>true</optionalSource>
<optionalTarget>false</optionalTarget>
<sourceCardinality>1</sourceCardinality>
<sourceEntity>7A4808EE-9E2A-77AA-A6EC-0DF7D8CDD103</sourceEntity>
<targetCardinalityString>1</targetCardinalityString>
<targetEntity>A4BFE5D0-1D59-97D7-B4BD-16FD55A8DE16</targetEntity>
<transferable>true</transferable>
<deleteRule>NO ACTION</deleteRule>
</Relation>