<?xml version = '1.0' encoding = 'UTF-8'?>
<Entity class="oracle.dbtools.crest.model.design.logical.Entity" directorySegmentName="seg_0" id="42140317-ADBA-9178-9C65-04BA164055AE" name="Machine">
<createdBy>user</createdBy>
<createdTime>2023-11-23 11:40:14 UTC</createdTime>
<ownerDesignName>TUBES</ownerDesignName>
<engineerTo>
<item key="5ACFB836-6EC1-0EDA-6D7C-1125C8BCC6C3" value="true"/>
</engineerTo>
<adequatelyNormalized>NO</adequatelyNormalized>
<expectedVolumes>0</expectedVolumes>
<fwdEngineeringStrategyName>Single Table</fwdEngineeringStrategyName>
<growthPercent>0</growthPercent>
<growthType>Year</growthType>
<maxVolumes>9999999</maxVolumes>
<minVolumes>0</minVolumes>
<normalForm>Third</normalForm>
<attributes itemClass="oracle.dbtools.crest.model.design.logical.Attribute">
<Attribute name="machine_id" id="BF6341AE-97F8-3E29-7E1F-62C76887C098">
<createdBy>user</createdBy>
<createdTime>2023-11-23 11:42:05 UTC</createdTime>
<ownerDesignName>TUBES</ownerDesignName>
<engineerTo>
<item key="5ACFB836-6EC1-0EDA-6D7C-1125C8BCC6C3" value="true"/>
</engineerTo>
<useDomainConstraints>false</useDomainConstraints>
<use>1</use>
<logicalDatatype>LOGDT019</logicalDatatype>
<ownDataTypeParameters>,,</ownDataTypeParameters>
</Attribute>
<Attribute name="machine_name" id="36468096-89B6-2A92-FF53-B622AB56F46F">
<createdBy>user</createdBy>
<createdTime>2023-11-23 11:44:05 UTC</createdTime>
<ownerDesignName>TUBES</ownerDesignName>
<engineerTo>
<item key="5ACFB836-6EC1-0EDA-6D7C-1125C8BCC6C3" value="true"/>
</engineerTo>
<useDomainConstraints>false</useDomainConstraints>
<use>1</use>
<logicalDatatype>LOGDT024</logicalDatatype>
<dataTypeSize>20</dataTypeSize>
<ownDataTypeParameters>20,,</ownDataTypeParameters>
</Attribute>
<Attribute name="job_id" id="84DA8B04-0639-0A30-380F-79FA1D833DEE">
<createdBy>user</createdBy>
<createdTime>2023-11-23 11:52:30 UTC</createdTime>
<generatorID>6660283C-1032-FB57-AEE2-21FD336B5C46</generatorID>
<ownerDesignName>TUBES</ownerDesignName>
<engineerTo>
<item key="5ACFB836-6EC1-0EDA-6D7C-1125C8BCC6C3" value="true"/>
</engineerTo>
<referedAttribute>02F7E925-6557-39B3-A9F5-35426B705606</referedAttribute>
<useDomainConstraints>false</useDomainConstraints>
<use>1</use>
<logicalDatatype>LOGDT019</logicalDatatype>
<ownDataTypeParameters>,,</ownDataTypeParameters>
</Attribute>
</attributes>
<identifiers itemClass="oracle.dbtools.crest.model.design.logical.CandidateKey">
<identifier id="90975537-7EB3-B400-85C2-341DFB128534" name="Machine PK">
<createdBy>user</createdBy>
<createdTime>2023-11-23 11:44:10 UTC</createdTime>
<ownerDesignName>TUBES</ownerDesignName>
<shouldEngineer>false</shouldEngineer>
<engineerTo>
<item key="5ACFB836-6EC1-0EDA-6D7C-1125C8BCC6C3" value="false"/>
</engineerTo>
<pk>true</pk>
<usedAttributes>
<attributeRef>BF6341AE-97F8-3E29-7E1F-62C76887C098</attributeRef>
</usedAttributes>
</identifier>
</identifiers>
</Entity>