<?xml version = '1.0' encoding = 'UTF-8'?>
<Entity class="oracle.dbtools.crest.model.design.logical.Entity" directorySegmentName="seg_0" id="7A4808EE-9E2A-77AA-A6EC-0DF7D8CDD103" name="EMPLOYEES">
<createdBy>user</createdBy>
<createdTime>2023-09-12 02:37:51 UTC</createdTime>
<ownerDesignName>TUBES</ownerDesignName>
<engineerTo>
<item key="5ACFB836-6EC1-0EDA-6D7C-1125C8BCC6C3" value="true"/>
</engineerTo>
<adequatelyNormalized>NO</adequatelyNormalized>
<expectedVolumes>0</expectedVolumes>
<fwdEngineeringStrategyName>Single Table</fwdEngineeringStrategyName>
<growthPercent>0</growthPercent>
<growthType>Year</growthType>
<maxVolumes>9999999</maxVolumes>
<minVolumes>0</minVolumes>
<normalForm>Third</normalForm>
<attributes itemClass="oracle.dbtools.crest.model.design.logical.Attribute">
<Attribute name="employee_id" id="C4A81A08-04F3-6C14-8743-1505FAF581C5">
<createdBy>user</createdBy>
<createdTime>2023-09-12 02:38:07 UTC</createdTime>
<ownerDesignName>TUBES</ownerDesignName>
<engineerTo>
<item key="5ACFB836-6EC1-0EDA-6D7C-1125C8BCC6C3" value="true"/>
</engineerTo>
<useDomainConstraints>false</useDomainConstraints>
<use>1</use>
<logicalDatatype>LOGDT019</logicalDatatype>
<ownDataTypeParameters>,,</ownDataTypeParameters>
</Attribute>
<Attribute name="full_name" id="611B8FE0-B3F8-DECF-AFC0-81CFF32EE7D0">
<createdBy>user</createdBy>
<createdTime>2023-09-12 02:38:36 UTC</createdTime>
<ownerDesignName>TUBES</ownerDesignName>
<engineerTo>
<item key="5ACFB836-6EC1-0EDA-6D7C-1125C8BCC6C3" value="true"/>
</engineerTo>
<useDomainConstraints>false</useDomainConstraints>
<use>1</use>
<logicalDatatype>A3A3C77D-0366-9768-FF89-1C25E56881C8</logicalDatatype>
<dataTypeSize>25</dataTypeSize>
<ownDataTypeParameters>25,,</ownDataTypeParameters>
</Attribute>
<Attribute name="email" id="99D356EB-3952-1CEF-DCB9-358C3C21949C">
<createdBy>user</createdBy>
<createdTime>2023-09-12 02:40:02 UTC</createdTime>
<ownerDesignName>TUBES</ownerDesignName>
<engineerTo>
<item key="5ACFB836-6EC1-0EDA-6D7C-1125C8BCC6C3" value="true"/>
</engineerTo>
<useDomainConstraints>false</useDomainConstraints>
<use>1</use>
<logicalDatatype>LOGDT024</logicalDatatype>
<dataTypeSize>50</dataTypeSize>
<ownDataTypeParameters>50,,</ownDataTypeParameters>
</Attribute>
<Attribute name="phone_number" id="175B6786-1622-D589-2349-4A26EAB27E32">
<createdBy>user</createdBy>
<createdTime>2023-09-12 02:41:02 UTC</createdTime>
<ownerDesignName>TUBES</ownerDesignName>
<engineerTo>
<item key="5ACFB836-6EC1-0EDA-6D7C-1125C8BCC6C3" value="true"/>
</engineerTo>
<useDomainConstraints>false</useDomainConstraints>
<use>1</use>
<logicalDatatype>LOGDT024</logicalDatatype>
<dataTypeSize>15</dataTypeSize>
<ownDataTypeParameters>15,,</ownDataTypeParameters>
</Attribute>
<Attribute name="hire_date" id="9DE7F08A-1605-65D9-A24E-1DF7B58F312A">
<createdBy>user</createdBy>
<createdTime>2023-09-12 02:41:24 UTC</createdTime>
<ownerDesignName>TUBES</ownerDesignName>
<engineerTo>
<item key="5ACFB836-6EC1-0EDA-6D7C-1125C8BCC6C3" value="true"/>
</engineerTo>
<useDomainConstraints>false</useDomainConstraints>
<use>1</use>
<logicalDatatype>LOGDT007</logicalDatatype>
<ownDataTypeParameters>,,</ownDataTypeParameters>
</Attribute>
<Attribute name="salary" id="42E916B0-9543-67EF-5E58-4006B2849F0B">
<createdBy>user</createdBy>
<createdTime>2023-09-12 02:41:41 UTC</createdTime>
<ownerDesignName>TUBES</ownerDesignName>
<engineerTo>
<item key="5ACFB836-6EC1-0EDA-6D7C-1125C8BCC6C3" value="true"/>
</engineerTo>
<useDomainConstraints>false</useDomainConstraints>
<use>1</use>
<logicalDatatype>LOGDT019</logicalDatatype>
<ownDataTypeParameters>,,</ownDataTypeParameters>
</Attribute>
<Attribute name="commision_pct" id="3BA239B6-58ED-C184-0AA3-94068EB13FD0">
<createdBy>user</createdBy>
<createdTime>2023-09-12 02:42:15 UTC</createdTime>
<ownerDesignName>TUBES</ownerDesignName>
<engineerTo>
<item key="5ACFB836-6EC1-0EDA-6D7C-1125C8BCC6C3" value="true"/>
</engineerTo>
<useDomainConstraints>false</useDomainConstraints>
<use>1</use>
<logicalDatatype>LOGDT010</logicalDatatype>
<ownDataTypeParameters>,,</ownDataTypeParameters>
</Attribute>
<Attribute name="job_id" id="C933D857-C056-2349-C2BF-2A549F261CF8">
<createdBy>user</createdBy>
<createdTime>2023-09-12 02:58:52 UTC</createdTime>
<generatorID>9D2FDF41-1814-5BE6-35CA-353918A533D8</generatorID>
<ownerDesignName>TUBES</ownerDesignName>
<engineerTo>
<item key="5ACFB836-6EC1-0EDA-6D7C-1125C8BCC6C3" value="true"/>
</engineerTo>
<referedAttribute>02F7E925-6557-39B3-A9F5-35426B705606</referedAttribute>
<useDomainConstraints>false</useDomainConstraints>
<use>1</use>
<logicalDatatype>LOGDT019</logicalDatatype>
<ownDataTypeParameters>,,</ownDataTypeParameters>
</Attribute>
<Attribute name="departement_id" id="EB847555-C46F-2FD9-82A4-017454338C0A">
<createdBy>user</createdBy>
<createdTime>2023-09-12 03:01:16 UTC</createdTime>
<generatorID>CF5B3E1A-97EF-0063-8677-681BCD27B3EE</generatorID>
<ownerDesignName>TUBES</ownerDesignName>
<engineerTo>
<item key="5ACFB836-6EC1-0EDA-6D7C-1125C8BCC6C3" value="true"/>
</engineerTo>
<referedAttribute>F4AA0972-AB32-8835-E012-396B5C23515C</referedAttribute>
<useDomainConstraints>false</useDomainConstraints>
<use>1</use>
<logicalDatatype>LOGDT019</logicalDatatype>
<ownDataTypeParameters>,,</ownDataTypeParameters>
</Attribute>
<Attribute name="manager_id2" id="D926A353-1F25-46C1-E820-C3A698B4B4EF">
<createdBy>user</createdBy>
<createdTime>2023-09-12 07:49:59 UTC</createdTime>
<generatorID>2EC86887-0B66-EBC1-F819-0F4BB6AB52E1</generatorID>
<ownerDesignName>TUBES</ownerDesignName>
<engineerTo>
<item key="5ACFB836-6EC1-0EDA-6D7C-1125C8BCC6C3" value="true"/>
</engineerTo>
<nullsAllowed>true</nullsAllowed>
<referedAttribute>C4A81A08-04F3-6C14-8743-1505FAF581C5</referedAttribute>
<useDomainConstraints>false</useDomainConstraints>
<use>1</use>
<logicalDatatype>LOGDT019</logicalDatatype>
<ownDataTypeParameters>,,</ownDataTypeParameters>
</Attribute>
<Attribute name="employee_id1" id="9BFC381E-A445-5529-422D-A0A7E200BD0D">
<createdBy>user</createdBy>
<createdTime>2023-11-23 10:44:55 UTC</createdTime>
<generatorID>2C6ECB79-1C1A-E90E-BA6D-13F7EF32C662</generatorID>
<ownerDesignName>TUBES</ownerDesignName>
<engineerTo>
<item key="5ACFB836-6EC1-0EDA-6D7C-1125C8BCC6C3" value="true"/>
</engineerTo>
<referedAttribute>B18AD7AA-1D82-CE61-447E-A074CD96CEF9</referedAttribute>
<useDomainConstraints>false</useDomainConstraints>
<use>1</use>
<logicalDatatype>LOGDT019</logicalDatatype>
<ownDataTypeParameters>,,</ownDataTypeParameters>
</Attribute>
<Attribute name="employee_id2" id="9F91C018-8D8A-208F-DE34-907F66412818">
<createdBy>user</createdBy>
<createdTime>2023-11-23 10:45:38 UTC</createdTime>
<generatorID>433864EC-4E05-B82D-F316-3163B9A1A956</generatorID>
<ownerDesignName>TUBES</ownerDesignName>
<engineerTo>
<item key="5ACFB836-6EC1-0EDA-6D7C-1125C8BCC6C3" value="true"/>
</engineerTo>
<referedAttribute>1A72D6B5-053F-90D3-5ABC-EB4CD2227C6E</referedAttribute>
<useDomainConstraints>false</useDomainConstraints>
<use>1</use>
<logicalDatatype>LOGDT019</logicalDatatype>
<ownDataTypeParameters>,,</ownDataTypeParameters>
</Attribute>
</attributes>
<identifiers itemClass="oracle.dbtools.crest.model.design.logical.CandidateKey">
<identifier id="4E40F04F-D7B7-7263-2D33-22C88D874595" name="EMPLOYEES PK">
<createdBy>user</createdBy>
<createdTime>2023-09-12 02:38:35 UTC</createdTime>
<ownerDesignName>TUBES</ownerDesignName>
<shouldEngineer>false</shouldEngineer>
<engineerTo>
<item key="5ACFB836-6EC1-0EDA-6D7C-1125C8BCC6C3" value="false"/>
</engineerTo>
<pk>true</pk>
<usedAttributes>
<attributeRef>C4A81A08-04F3-6C14-8743-1505FAF581C5</attributeRef>
</usedAttributes>
</identifier>
</identifiers>
</Entity>