<?xml version = '1.0' encoding = 'UTF-8'?>
<Entity class="oracle.dbtools.crest.model.design.logical.Entity" directorySegmentName="seg_0" id="9F7945EB-72D3-4058-CA66-F5ECF25F31DA" name="PartTimers">
<createdBy>user</createdBy>
<createdTime>2023-11-22 14:04:22 UTC</createdTime>
<ownerDesignName>TUBES</ownerDesignName>
<engineerTo>
<item key="5ACFB836-6EC1-0EDA-6D7C-1125C8BCC6C3" value="true"/>
</engineerTo>
<adequatelyNormalized>NO</adequatelyNormalized>
<expectedVolumes>0</expectedVolumes>
<fwdEngineeringStrategyName>Single Table</fwdEngineeringStrategyName>
<growthPercent>0</growthPercent>
<growthType>Year</growthType>
<maxVolumes>9999999</maxVolumes>
<minVolumes>0</minVolumes>
<normalForm>Third</normalForm>
<attributes itemClass="oracle.dbtools.crest.model.design.logical.Attribute">
<Attribute name="Kualifikasi" id="D6128FB2-B764-5E15-38C1-0196FF43A327">
<createdBy>user</createdBy>
<createdTime>2023-11-22 14:13:38 UTC</createdTime>
<ownerDesignName>TUBES</ownerDesignName>
<engineerTo>
<item key="5ACFB836-6EC1-0EDA-6D7C-1125C8BCC6C3" value="true"/>
</engineerTo>
<useDomainConstraints>false</useDomainConstraints>
<use>1</use>
<logicalDatatype>LOGDT024</logicalDatatype>
<dataTypeSize>12</dataTypeSize>
<ownDataTypeParameters>12,,</ownDataTypeParameters>
</Attribute>
<Attribute name="Payment_hour" id="5C72E115-2C6C-15CD-3FC9-CABF042BF363">
<createdBy>user</createdBy>
<createdTime>2023-11-22 14:14:48 UTC</createdTime>
<ownerDesignName>TUBES</ownerDesignName>
<engineerTo>
<item key="5ACFB836-6EC1-0EDA-6D7C-1125C8BCC6C3" value="true"/>
</engineerTo>
<useDomainConstraints>false</useDomainConstraints>
<use>1</use>
<logicalDatatype>LOGDT019</logicalDatatype>
<ownDataTypeParameters>,,</ownDataTypeParameters>
</Attribute>
<Attribute name="employee_id" id="B18AD7AA-1D82-CE61-447E-A074CD96CEF9">
<createdBy>user</createdBy>
<createdTime>2023-11-23 10:44:30 UTC</createdTime>
<generatorID>40AC4F66-3A67-43DA-3A0A-5BCEAF7950B5</generatorID>
<ownerDesignName>TUBES</ownerDesignName>
<engineerTo>
<item key="5ACFB836-6EC1-0EDA-6D7C-1125C8BCC6C3" value="true"/>
</engineerTo>
<referedAttribute>C4A81A08-04F3-6C14-8743-1505FAF581C5</referedAttribute>
<useDomainConstraints>false</useDomainConstraints>
<use>1</use>
<logicalDatatype>LOGDT019</logicalDatatype>
<ownDataTypeParameters>,,</ownDataTypeParameters>
</Attribute>
</attributes>
<identifiers itemClass="oracle.dbtools.crest.model.design.logical.CandidateKey">
<identifier id="A2857AA9-E851-0F0C-A251-FEBC9CC04573" name="PartTimers PK">
<createdBy>user</createdBy>
<createdTime>2023-11-22 14:13:37 UTC</createdTime>
<ownerDesignName>TUBES</ownerDesignName>
<engineerTo>
<item key="5ACFB836-6EC1-0EDA-6D7C-1125C8BCC6C3" value="true"/>
</engineerTo>
<pk>true</pk>
<usedAttributes>
<attributeRef>B18AD7AA-1D82-CE61-447E-A074CD96CEF9</attributeRef>
</usedAttributes>
</identifier>
</identifiers>
</Entity>