<?xml version = '1.0' encoding = 'UTF-8'?>
<Entity class="oracle.dbtools.crest.model.design.logical.Entity" directorySegmentName="seg_0" id="B27B63F5-A004-E3F0-1861-E02F73AC96C7" name="COUNTRIES">
<createdBy>user</createdBy>
<createdTime>2023-09-12 02:35:30 UTC</createdTime>
<ownerDesignName>TUBES</ownerDesignName>
<engineerTo>
<item key="5ACFB836-6EC1-0EDA-6D7C-1125C8BCC6C3" value="true"/>
</engineerTo>
<adequatelyNormalized>NO</adequatelyNormalized>
<expectedVolumes>0</expectedVolumes>
<fwdEngineeringStrategyName>Single Table</fwdEngineeringStrategyName>
<growthPercent>0</growthPercent>
<growthType>Year</growthType>
<maxVolumes>9999999</maxVolumes>
<minVolumes>0</minVolumes>
<normalForm>Third</normalForm>
<attributes itemClass="oracle.dbtools.crest.model.design.logical.Attribute">
<Attribute name="country_id" id="DA524391-7838-C85A-5ACD-CA487181DFE7">
<createdBy>user</createdBy>
<createdTime>2023-09-12 02:35:41 UTC</createdTime>
<ownerDesignName>TUBES</ownerDesignName>
<engineerTo>
<item key="5ACFB836-6EC1-0EDA-6D7C-1125C8BCC6C3" value="true"/>
</engineerTo>
<useDomainConstraints>false</useDomainConstraints>
<use>1</use>
<logicalDatatype>LOGDT019</logicalDatatype>
<ownDataTypeParameters>,,</ownDataTypeParameters>
</Attribute>
<Attribute name="country_name" id="4C68BDE6-9C14-128D-0A72-F2CBDEB0DCAE">
<createdBy>user</createdBy>
<createdTime>2023-09-12 02:36:05 UTC</createdTime>
<ownerDesignName>TUBES</ownerDesignName>
<engineerTo>
<item key="5ACFB836-6EC1-0EDA-6D7C-1125C8BCC6C3" value="true"/>
</engineerTo>
<useDomainConstraints>false</useDomainConstraints>
<use>1</use>
<logicalDatatype>A3A3C77D-0366-9768-FF89-1C25E56881C8</logicalDatatype>
<dataTypeSize>25</dataTypeSize>
<ownDataTypeParameters>25,,</ownDataTypeParameters>
</Attribute>
<Attribute name="region_id" id="BDA5CB5F-340D-28A2-F4B8-586ADA6853C9">
<createdBy>user</createdBy>
<createdTime>2023-09-12 02:51:37 UTC</createdTime>
<generatorID>FA2144A6-3E09-D123-E7C1-588E14D69F18</generatorID>
<ownerDesignName>TUBES</ownerDesignName>
<engineerTo>
<item key="5ACFB836-6EC1-0EDA-6D7C-1125C8BCC6C3" value="true"/>
</engineerTo>
<referedAttribute>7B7D085D-B7B5-F741-E88F-583B2E8FF93C</referedAttribute>
<useDomainConstraints>false</useDomainConstraints>
<use>1</use>
<logicalDatatype>LOGDT019</logicalDatatype>
<ownDataTypeParameters>,,</ownDataTypeParameters>
</Attribute>
</attributes>
<identifiers itemClass="oracle.dbtools.crest.model.design.logical.CandidateKey">
<identifier id="AC237E1F-B04D-93B1-7652-24D06E16FD18" name="COUNTRIES PK">
<createdBy>user</createdBy>
<createdTime>2023-09-12 02:35:55 UTC</createdTime>
<ownerDesignName>TUBES</ownerDesignName>
<engineerTo>
<item key="5ACFB836-6EC1-0EDA-6D7C-1125C8BCC6C3" value="true"/>
</engineerTo>
<pk>true</pk>
<usedAttributes>
<attributeRef>DA524391-7838-C85A-5ACD-CA487181DFE7</attributeRef>
</usedAttributes>
</identifier>
</identifiers>
</Entity>