<?xml version = '1.0' encoding = 'UTF-8'?>
<Diagram class="oracle.dbtools.crest.swingui.relational.DPVRelational" name="Relational_1" id="856D1B5A-C82B-649D-E3C0-F553FAA68719">
<createdBy>user</createdBy>
<modifiedBy>user</modifiedBy>
<createdTime>2023-09-12 02:54:16 UTC</createdTime>
<autoRoute>false</autoRoute>
<boxInbox>true</boxInbox>
<showLegend>false</showLegend>
<showLabels>false</showLabels>
<showRelAttributes>false</showRelAttributes>
<gridEnabled>false</gridEnabled>
<showGrid>false</showGrid>
<diagramColor>-1</diagramColor>
<display>false</display>
<notation>1</notation>
<objectViews>
<OView class="oracle.dbtools.crest.swingui.relational.TVTable" oid="0A25171D-951D-E0A2-4607-2058ED4C733D" otype="Table" vid="482203B5-7BEA-04FE-8A61-8777684BFE78">
<hideElementsInCurrentOnly>false</hideElementsInCurrentOnly>
<bounds x="365" y="118" width="143" height="67"/>
</OView>
<OView class="oracle.dbtools.crest.swingui.relational.TVTable" oid="1DA70DEE-3E47-779D-BE16-3017EE11D141" otype="Table" vid="3AAF0B1A-1C15-0C8C-0017-D8D9B4D68B52">
<hideElementsInCurrentOnly>false</hideElementsInCurrentOnly>
<bounds x="312" y="611" width="124" height="66"/>
</OView>
<OView class="oracle.dbtools.crest.swingui.relational.TVTable" oid="1FD82219-49C7-ACAA-69A3-2FB9600735F0" otype="Table" vid="180EA13B-A6B9-A672-12E0-2B0ED5A312DD">
<hideElementsInCurrentOnly>false</hideElementsInCurrentOnly>
<bounds x="80" y="303" width="121" height="115"/>
</OView>
<OView class="oracle.dbtools.crest.swingui.relational.TVTable" oid="3F32F196-AA94-985B-19B1-7286324FDECA" otype="Table" vid="CBE6ADFB-1F2D-072E-8BA2-99D5D6F835D0">
<hideElementsInCurrentOnly>false</hideElementsInCurrentOnly>
<bounds x="82" y="611" width="135" height="87"/>
</OView>
<OView class="oracle.dbtools.crest.swingui.relational.TVTable" oid="5C8EEF75-C731-4538-227E-DFAE530874AD" otype="Table" vid="B52DB5EC-F7AC-242C-F159-0402E98687CA">
<hideElementsInCurrentOnly>false</hideElementsInCurrentOnly>
<bounds x="368" y="235" width="147" height="219"/>
</OView>
<OView class="oracle.dbtools.crest.swingui.relational.TVTable" oid="6643B6FA-4E27-77B8-84B6-4E66F7B1DA7D" otype="Table" vid="930A58F4-A8DE-F15F-C0A0-E0AD3CCCC96E">
<hideElementsInCurrentOnly>false</hideElementsInCurrentOnly>
<bounds x="644" y="394" width="175" height="75"/>
</OView>
<OView class="oracle.dbtools.crest.swingui.relational.TVTable" oid="67423DDD-8647-C15A-13ED-C6F1B2E2A98C" otype="Table" vid="0FE31B15-E057-5F48-07F9-C7F14C77142D">
<hideElementsInCurrentOnly>false</hideElementsInCurrentOnly>
<bounds x="646" y="280" width="173" height="78"/>
</OView>
<OView class="oracle.dbtools.crest.swingui.relational.TVTable" oid="85705386-0709-6F3F-98E9-F33F9381FE83" otype="Table" vid="FF7415E1-C9E8-EC29-FA71-BB16784C3E36">
<hideElementsInCurrentOnly>false</hideElementsInCurrentOnly>
<bounds x="81" y="150" width="127" height="105"/>
</OView>
<OView class="oracle.dbtools.crest.swingui.relational.TVTable" oid="BCE608B4-5231-BE37-5190-36353585770D" otype="Table" vid="C5EFE7B3-4E1C-74C1-A96A-D0204C06F971">
<hideElementsInCurrentOnly>false</hideElementsInCurrentOnly>
<bounds x="369" y="0" width="137" height="69"/>
</OView>
<OView class="oracle.dbtools.crest.swingui.relational.TVTable" oid="D63C7B0D-450E-E678-C4BB-F3049B8EDADA" otype="Table" vid="420B3458-2A9E-2F28-553B-FD729522F229">
<hideElementsInCurrentOnly>false</hideElementsInCurrentOnly>
<bounds x="543" y="615" width="116" height="64"/>
</OView>
<OView class="oracle.dbtools.crest.swingui.relational.TVTable" oid="D8F061E7-C121-7A92-4181-97E60FB342B1" otype="Table" vid="CBA1E64B-A9D9-A68A-2D87-915E8F32E133">
<hideElementsInCurrentOnly>false</hideElementsInCurrentOnly>
<bounds x="728" y="619" width="131" height="63"/>
</OView>
<OView class="oracle.dbtools.crest.swingui.relational.TVTable" oid="D90D343C-9372-3CB0-AA7B-291025E76871" otype="Table" vid="8D664728-4028-1D5B-467D-6A4B451B0309">
<hideElementsInCurrentOnly>false</hideElementsInCurrentOnly>
<bounds x="78" y="486" width="128" height="69"/>
</OView>
<OView class="oracle.dbtools.crest.swingui.relational.TVTable" oid="FF4855BD-F3D6-36A1-9EA4-30C91A15165B" otype="Table" vid="22E3A9B1-1BA4-5A57-8DFA-0672238102AE">
<hideElementsInCurrentOnly>false</hideElementsInCurrentOnly>
<bounds x="646" y="117" width="171" height="119"/>
</OView>
</objectViews>
<connectors>
<Connector class="oracle.dbtools.crest.swingui.relational.TVFKRelation" oid="0A11C679-35C7-2334-8610-00C418611A92" otype="FKIndexAssociation" vid_source="420B3458-2A9E-2F28-553B-FD729522F229" vid_target="B52DB5EC-F7AC-242C-F159-0402E98687CA">
<hideElementsInCurrentOnly>false</hideElementsInCurrentOnly>
<backgroundColor>-16777216</backgroundColor>
<lineWidth>1</lineWidth>
<points>
<point x="543" y="645"/>
<point x="510" y="645"/>
<point x="510" y="454"/>
</points>
</Connector>
<Connector class="oracle.dbtools.crest.swingui.relational.TVFKRelation" oid="140D0841-0412-6CAF-7AF9-C6ED2B1A9C69" otype="FKIndexAssociation" vid_source="B52DB5EC-F7AC-242C-F159-0402E98687CA" vid_target="482203B5-7BEA-04FE-8A61-8777684BFE78">
<hideElementsInCurrentOnly>false</hideElementsInCurrentOnly>
<backgroundColor>-16777216</backgroundColor>
<lineWidth>1</lineWidth>
<points>
<point x="453" y="235"/>
<point x="453" y="185"/>
</points>
</Connector>
<Connector class="oracle.dbtools.crest.swingui.relational.TVFKRelation" oid="151F01B0-3DC7-0143-8F47-91B8C1DC82C9" otype="FKIndexAssociation" vid_source="0FE31B15-E057-5F48-07F9-C7F14C77142D" vid_target="22E3A9B1-1BA4-5A57-8DFA-0672238102AE">
<hideElementsInCurrentOnly>false</hideElementsInCurrentOnly>
<backgroundColor>-16777216</backgroundColor>
<lineWidth>1</lineWidth>
<points>
<point x="731" y="280"/>
<point x="731" y="236"/>
</points>
</Connector>
<Connector class="oracle.dbtools.crest.swingui.relational.TVFKRelation" oid="27A51BDC-9182-83BE-BC2B-DFBA1F12F6F8" otype="FKIndexAssociation" vid_source="180EA13B-A6B9-A672-12E0-2B0ED5A312DD" vid_target="B52DB5EC-F7AC-242C-F159-0402E98687CA">
<hideElementsInCurrentOnly>false</hideElementsInCurrentOnly>
<backgroundColor>-16777216</backgroundColor>
<lineWidth>1</lineWidth>
<points>
<point x="201" y="360"/>
<point x="368" y="360"/>
</points>
</Connector>
<Connector class="oracle.dbtools.crest.swingui.relational.TVFKRelation" oid="2C0CB872-4C17-83B8-673C-9FF3B8645B59" otype="FKIndexAssociation" vid_source="482203B5-7BEA-04FE-8A61-8777684BFE78" vid_target="C5EFE7B3-4E1C-74C1-A96A-D0204C06F971">
<hideElementsInCurrentOnly>false</hideElementsInCurrentOnly>
<backgroundColor>-16777216</backgroundColor>
<lineWidth>1</lineWidth>
<points>
<point x="437" y="118"/>
<point x="437" y="69"/>
</points>
</Connector>
<Connector class="oracle.dbtools.crest.swingui.relational.TVFKRelation" oid="4174A16E-1487-2326-9189-69CC675D482F" otype="FKIndexAssociation" vid_source="482203B5-7BEA-04FE-8A61-8777684BFE78" vid_target="180EA13B-A6B9-A672-12E0-2B0ED5A312DD">
<hideElementsInCurrentOnly>false</hideElementsInCurrentOnly>
<backgroundColor>-16777216</backgroundColor>
<lineWidth>1</lineWidth>
<points>
<point x="389" y="185"/>
<point x="201" y="317"/>
</points>
</Connector>
<Connector class="oracle.dbtools.crest.swingui.relational.TVFKRelation" oid="677A0FBF-F5ED-54DB-F6E0-9A8BDA623287" otype="FKIndexAssociation" vid_source="CBA1E64B-A9D9-A68A-2D87-915E8F32E133" vid_target="420B3458-2A9E-2F28-553B-FD729522F229">
<hideElementsInCurrentOnly>false</hideElementsInCurrentOnly>
<backgroundColor>-16777216</backgroundColor>
<lineWidth>1</lineWidth>
<points>
<point x="728" y="649"/>
<point x="659" y="649"/>
</points>
</Connector>
<Connector class="oracle.dbtools.crest.swingui.relational.TVFKRelation" oid="6FD80E10-6F2A-87C8-EBE3-FA96B67E74FA" otype="FKIndexAssociation" vid_source="B52DB5EC-F7AC-242C-F159-0402E98687CA" vid_target="FF7415E1-C9E8-EC29-FA71-BB16784C3E36">
<hideElementsInCurrentOnly>false</hideElementsInCurrentOnly>
<backgroundColor>-16777216</backgroundColor>
<lineWidth>1</lineWidth>
<points>
<point x="368" y="245"/>
<point x="208" y="245"/>
</points>
</Connector>
<Connector class="oracle.dbtools.crest.swingui.relational.TVFKRelation" oid="906224AE-2E70-8FB0-DF92-86D228B95C9D" otype="FKIndexAssociation" vid_source="B52DB5EC-F7AC-242C-F159-0402E98687CA" vid_target="CBE6ADFB-1F2D-072E-8BA2-99D5D6F835D0">
<hideElementsInCurrentOnly>false</hideElementsInCurrentOnly>
<backgroundColor>-16777216</backgroundColor>
<lineWidth>1</lineWidth>
<points>
<point x="386" y="454"/>
<point x="190" y="611"/>
</points>
</Connector>
<Connector class="oracle.dbtools.crest.swingui.relational.TVFKRelation" oid="9ED3E741-DA8D-C066-9EF1-CCE2CEAFFA1C" otype="FKIndexAssociation" vid_source="3AAF0B1A-1C15-0C8C-0017-D8D9B4D68B52" vid_target="B52DB5EC-F7AC-242C-F159-0402E98687CA">
<hideElementsInCurrentOnly>false</hideElementsInCurrentOnly>
<backgroundColor>-16777216</backgroundColor>
<lineWidth>1</lineWidth>
<points>
<point x="436" y="643"/>
<point x="467" y="643"/>
<point x="467" y="454"/>
</points>
</Connector>
<Connector class="oracle.dbtools.crest.swingui.relational.TVFKRelation" oid="B3D6073B-554B-95B4-B736-69234CC8E33C" otype="FKIndexAssociation" vid_source="8D664728-4028-1D5B-467D-6A4B451B0309" vid_target="CBE6ADFB-1F2D-072E-8BA2-99D5D6F835D0">
<hideElementsInCurrentOnly>false</hideElementsInCurrentOnly>
<backgroundColor>-16777216</backgroundColor>
<lineWidth>1</lineWidth>
<points>
<point x="144" y="555"/>
<point x="144" y="611"/>
</points>
</Connector>
<Connector class="oracle.dbtools.crest.swingui.relational.TVFKRelation" oid="D3CD9CC8-D2F5-26BD-3686-51565DDA126A" otype="FKIndexAssociation" vid_source="22E3A9B1-1BA4-5A57-8DFA-0672238102AE" vid_target="482203B5-7BEA-04FE-8A61-8777684BFE78">
<hideElementsInCurrentOnly>false</hideElementsInCurrentOnly>
<backgroundColor>-16777216</backgroundColor>
<lineWidth>1</lineWidth>
<points>
<point x="646" y="151"/>
<point x="508" y="151"/>
</points>
</Connector>
<Connector class="oracle.dbtools.crest.swingui.relational.TVFKRelation" oid="E4549CD6-5DDB-3F31-4213-E089BE84C151" otype="FKIndexAssociation" vid_source="482203B5-7BEA-04FE-8A61-8777684BFE78" vid_target="B52DB5EC-F7AC-242C-F159-0402E98687CA">
<hideElementsInCurrentOnly>false</hideElementsInCurrentOnly>
<backgroundColor>-16777216</backgroundColor>
<lineWidth>1</lineWidth>
<points>
<point x="438" y="185"/>
<point x="438" y="235"/>
</points>
</Connector>
<Connector class="oracle.dbtools.crest.swingui.relational.TVFKRelation" oid="F176D2BB-ACCF-36A1-A565-CF889C6760A4" otype="FKIndexAssociation" vid_source="B52DB5EC-F7AC-242C-F159-0402E98687CA" vid_target="B52DB5EC-F7AC-242C-F159-0402E98687CA">
<hideElementsInCurrentOnly>false</hideElementsInCurrentOnly>
<backgroundColor>-16777216</backgroundColor>
<lineWidth>1</lineWidth>
<points>
<point x="515" y="357"/>
<point x="540" y="357"/>
<point x="540" y="469"/>
<point x="456" y="469"/>
<point x="456" y="454"/>
</points>
</Connector>
<Connector class="oracle.dbtools.crest.swingui.relational.TVFKRelation" oid="F6696DD0-9525-F0E9-403B-1968ADECAE82" otype="FKIndexAssociation" vid_source="B52DB5EC-F7AC-242C-F159-0402E98687CA" vid_target="8D664728-4028-1D5B-467D-6A4B451B0309">
<hideElementsInCurrentOnly>false</hideElementsInCurrentOnly>
<backgroundColor>-16777216</backgroundColor>
<lineWidth>1</lineWidth>
<points>
<point x="368" y="440"/>
<point x="142" y="440"/>
<point x="142" y="486"/>
</points>
</Connector>
<Connector class="oracle.dbtools.crest.swingui.relational.TVFKRelation" oid="F91EC602-0456-6902-70D0-A69627DF4DB5" otype="FKIndexAssociation" vid_source="930A58F4-A8DE-F15F-C0A0-E0AD3CCCC96E" vid_target="0FE31B15-E057-5F48-07F9-C7F14C77142D">
<hideElementsInCurrentOnly>false</hideElementsInCurrentOnly>
<backgroundColor>-16777216</backgroundColor>
<lineWidth>1</lineWidth>
<points>
<point x="732" y="394"/>
<point x="732" y="358"/>
</points>
</Connector>
<Connector class="oracle.dbtools.crest.swingui.relational.TVFKRelation" oid="F94B63E5-B6A6-418B-7F49-E97C4A813B0E" otype="FKIndexAssociation" vid_source="180EA13B-A6B9-A672-12E0-2B0ED5A312DD" vid_target="FF7415E1-C9E8-EC29-FA71-BB16784C3E36">
<hideElementsInCurrentOnly>false</hideElementsInCurrentOnly>
<backgroundColor>-16777216</backgroundColor>
<lineWidth>1</lineWidth>
<points>
<point x="141" y="303"/>
<point x="141" y="255"/>
</points>
</Connector>
</connectors>
</Diagram>