<?xml version = '1.0' encoding = 'UTF-8'?>
<FKIndexAssociation class="oracle.dbtools.crest.model.design.relational.FKIndexAssociation" directorySegmentName="seg_0" id="00E18991-2B06-4D91-5C33-4EB40F3F25B8" containerWithKeyObject="3AE75F56-E461-4CDA-808B-87CE6966B7A2" localFKIndex="DEB56D5C-7E4E-F6C3-83DD-5166159E7EAB" name="COUNTRIES_REGION_FK">
<createdBy>user</createdBy>
<createdTime>2023-09-12 07:50:38 UTC</createdTime>
<generatorID>FA2144A6-3E09-D123-E7C1-588E14D69F18</generatorID>
<ownerDesignName>TUBES</ownerDesignName>
<referredTableLongName>REGION</referredTableLongName>
<deleteRule>NO ACTION</deleteRule>
<referredTableID>34FDC88C-0E82-EAE0-651E-93F6433CDFEE</referredTableID>
<keyObject>0DEAA5F0-8909-E2DF-DAE7-9F125080FD9C</keyObject>
<referredKeyID>0DEAA5F0-8909-E2DF-DAE7-9F125080FD9C</referredKeyID>
<mandatory>true</mandatory>
<refColNames>region_id</refColNames>
<transferable>true</transferable>
<rely>false</rely>
<columnDependencyConstraintGenerateInDDL>true</columnDependencyConstraintGenerateInDDL>
</FKIndexAssociation>