<?xml version = '1.0' encoding = 'UTF-8'?>
<FKIndexAssociation class="oracle.dbtools.crest.model.design.relational.FKIndexAssociation" directorySegmentName="seg_0" id="035992BC-F446-ADD5-F2E3-3395C001286B" containerWithKeyObject="7591EEEC-72A5-C316-4994-2C5C5CBEE82C" localFKIndex="71A11C34-EA83-A93B-BA17-6F131A4E2D36" name="JOBS_DEPARTEMENTS_FK">
<createdBy>user</createdBy>
<createdTime>2023-11-23 11:15:37 UTC</createdTime>
<generatorID>56F734DE-74CB-33B7-B071-C41256EE5524</generatorID>
<ownerDesignName>TUBES</ownerDesignName>
<referredTableLongName>DEPARTEMENTS</referredTableLongName>
<deleteRule>NO ACTION</deleteRule>
<referredTableID>79A882AC-4ACB-3E99-EDE6-9036A12F21F7</referredTableID>
<keyObject>6D831B65-B9D6-6847-CAD4-B38A836D5A11</keyObject>
<referredKeyID>6D831B65-B9D6-6847-CAD4-B38A836D5A11</referredKeyID>
<mandatory>true</mandatory>
<refColNames>departement_id</refColNames>
<transferable>true</transferable>
<rely>false</rely>
<columnDependencyConstraintGenerateInDDL>true</columnDependencyConstraintGenerateInDDL>
</FKIndexAssociation>