<?xml version = '1.0' encoding = 'UTF-8'?>
<FKIndexAssociation class="oracle.dbtools.crest.model.design.relational.FKIndexAssociation" directorySegmentName="seg_0" id="1312F73E-70EF-55E9-D566-8B7062B7B084" containerWithKeyObject="23F5B44B-0739-5F9C-85B5-90FA2F75B1F0" localFKIndex="28C53EEB-213D-02C4-49B0-ED5676F07BAF" name="PartTimers_EMPLOYEES_FK">
<createdBy>user</createdBy>
<createdTime>2023-11-23 11:15:36 UTC</createdTime>
<generatorID>40AC4F66-3A67-43DA-3A0A-5BCEAF7950B5</generatorID>
<ownerDesignName>TUBES</ownerDesignName>
<referredTableLongName>EMPLOYEES</referredTableLongName>
<deleteRule>NO ACTION</deleteRule>
<referredTableID>702C46BA-E045-A4AB-CAE1-D34D8FDA5DE3</referredTableID>
<keyObject>EFD50C86-ED33-C176-F6B1-272147927D59</keyObject>
<referredKeyID>EFD50C86-ED33-C176-F6B1-272147927D59</referredKeyID>
<mandatory>true</mandatory>
<refColNames>employee_id</refColNames>
<transferable>true</transferable>
<rely>false</rely>
<columnDependencyConstraintGenerateInDDL>true</columnDependencyConstraintGenerateInDDL>
</FKIndexAssociation>