<?xml version = '1.0' encoding = 'UTF-8'?>
<FKIndexAssociation class="oracle.dbtools.crest.model.design.relational.FKIndexAssociation" directorySegmentName="seg_0" id="1FD560DE-A6A9-961B-7E2D-CC25731B6A76" containerWithKeyObject="498C7353-D425-3275-7BBE-5811F4BDDB91" localFKIndex="114973D1-7C20-409F-3C8E-9E500B1B291A" name="JOB_HISTORY_DEPARTEMENTS_FK">
<createdBy>user</createdBy>
<createdTime>2023-09-12 07:50:38 UTC</createdTime>
<generatorID>C048914A-4AB9-7C7D-E20A-65D497855C4D</generatorID>
<ownerDesignName>TUBES</ownerDesignName>
<referredTableLongName>DEPARTEMENTS</referredTableLongName>
<deleteRule>NO ACTION</deleteRule>
<referredTableID>79A882AC-4ACB-3E99-EDE6-9036A12F21F7</referredTableID>
<keyObject>6D831B65-B9D6-6847-CAD4-B38A836D5A11</keyObject>
<referredKeyID>6D831B65-B9D6-6847-CAD4-B38A836D5A11</referredKeyID>
<mandatory>true</mandatory>
<refColNames>departement_id</refColNames>
<transferable>true</transferable>
<rely>false</rely>
<columnDependencyConstraintGenerateInDDL>true</columnDependencyConstraintGenerateInDDL>
</FKIndexAssociation>