<?xml version = '1.0' encoding = 'UTF-8'?>
<FKIndexAssociation class="oracle.dbtools.crest.model.design.relational.FKIndexAssociation" directorySegmentName="seg_0" id="252D2493-E137-8F3B-C349-2A694B281A59" containerWithKeyObject="7B88DBC9-1D41-E324-97FE-34B456A2CDD0" localFKIndex="61DC79D9-9710-EEDB-5E0B-D941C6E7B108" name="Machine_JOBS_FK">
<createdBy>user</createdBy>
<createdTime>2023-11-23 12:30:26 UTC</createdTime>
<generatorID>6660283C-1032-FB57-AEE2-21FD336B5C46</generatorID>
<ownerDesignName>TUBES</ownerDesignName>
<referredTableLongName>JOBS</referredTableLongName>
<deleteRule>NO ACTION</deleteRule>
<referredTableID>7591EEEC-72A5-C316-4994-2C5C5CBEE82C</referredTableID>
<keyObject>F7587A99-218D-9970-6703-9D73D1E580EE</keyObject>
<referredKeyID>F7587A99-218D-9970-6703-9D73D1E580EE</referredKeyID>
<mandatory>true</mandatory>
<refColNames>job_id</refColNames>
<transferable>true</transferable>
<rely>false</rely>
<columnDependencyConstraintGenerateInDDL>true</columnDependencyConstraintGenerateInDDL>
</FKIndexAssociation>