<?xml version = '1.0' encoding = 'UTF-8'?>
<FKIndexAssociation class="oracle.dbtools.crest.model.design.relational.FKIndexAssociation" directorySegmentName="seg_0" id="28A2D2F1-CD89-8D6F-FBA6-28BE16FC0BF6" containerWithKeyObject="79A882AC-4ACB-3E99-EDE6-9036A12F21F7" localFKIndex="CF4CFE54-70CC-3F28-3790-2CAA08E8AF18" name="DEPARTEMENTS_LOCATIONS_FK">
<createdBy>user</createdBy>
<createdTime>2023-09-12 07:50:38 UTC</createdTime>
<generatorID>CCC10361-F6D0-FDAE-409F-21EDA7B01F30</generatorID>
<ownerDesignName>TUBES</ownerDesignName>
<referredTableLongName>LOCATIONS</referredTableLongName>
<deleteRule>NO ACTION</deleteRule>
<referredTableID>F064DB36-429F-46ED-6275-FED86E5BA538</referredTableID>
<keyObject>78C5B53E-3120-3FEE-B7E5-FC4D571A4E18</keyObject>
<referredKeyID>78C5B53E-3120-3FEE-B7E5-FC4D571A4E18</referredKeyID>
<mandatory>true</mandatory>
<refColNames>location_id</refColNames>
<transferable>true</transferable>
<rely>false</rely>
<columnDependencyConstraintGenerateInDDL>true</columnDependencyConstraintGenerateInDDL>
</FKIndexAssociation>