<?xml version = '1.0' encoding = 'UTF-8'?>
<FKIndexAssociation class="oracle.dbtools.crest.model.design.relational.FKIndexAssociation" directorySegmentName="seg_0" id="3DBACB4D-323B-0B0A-2807-AD3A4541036C" containerWithKeyObject="702C46BA-E045-A4AB-CAE1-D34D8FDA5DE3" localFKIndex="F96BD383-936F-09AA-E794-17105B75D2AA" name="EMPLOYEES_DEPARTEMENTS_FK">
<createdBy>user</createdBy>
<createdTime>2023-09-12 07:50:38 UTC</createdTime>
<generatorID>CF5B3E1A-97EF-0063-8677-681BCD27B3EE</generatorID>
<ownerDesignName>TUBES</ownerDesignName>
<referredTableLongName>DEPARTEMENTS</referredTableLongName>
<deleteRule>NO ACTION</deleteRule>
<referredTableID>79A882AC-4ACB-3E99-EDE6-9036A12F21F7</referredTableID>
<keyObject>6D831B65-B9D6-6847-CAD4-B38A836D5A11</keyObject>
<referredKeyID>6D831B65-B9D6-6847-CAD4-B38A836D5A11</referredKeyID>
<mandatory>true</mandatory>
<refColNames>departement_id</refColNames>
<transferable>true</transferable>
<rely>false</rely>
<columnDependencyConstraintGenerateInDDL>true</columnDependencyConstraintGenerateInDDL>
</FKIndexAssociation>