<?xml version = '1.0' encoding = 'UTF-8'?>
<FKIndexAssociation class="oracle.dbtools.crest.model.design.relational.FKIndexAssociation" directorySegmentName="seg_0" id="4CD63C3E-693E-7AFC-7FF5-D2F51B2B79AD" containerWithKeyObject="5570266F-6221-95C2-5050-B44B278C0CA3" localFKIndex="17C1C9D1-4E1D-0117-053C-3C6F35708B21" name="FullTimers_EMPLOYEES_FK">
<createdBy>user</createdBy>
<createdTime>2023-11-23 11:15:37 UTC</createdTime>
<generatorID>6E0AD38F-DCCD-71AF-C851-3A45C0C77B67</generatorID>
<ownerDesignName>TUBES</ownerDesignName>
<referredTableLongName>EMPLOYEES</referredTableLongName>
<deleteRule>NO ACTION</deleteRule>
<referredTableID>702C46BA-E045-A4AB-CAE1-D34D8FDA5DE3</referredTableID>
<keyObject>EFD50C86-ED33-C176-F6B1-272147927D59</keyObject>
<referredKeyID>EFD50C86-ED33-C176-F6B1-272147927D59</referredKeyID>
<mandatory>true</mandatory>
<refColNames>employee_id</refColNames>
<transferable>true</transferable>
<rely>false</rely>
<columnDependencyConstraintGenerateInDDL>true</columnDependencyConstraintGenerateInDDL>
</FKIndexAssociation>