<?xml version = '1.0' encoding = 'UTF-8'?>
<FKIndexAssociation class="oracle.dbtools.crest.model.design.relational.FKIndexAssociation" directorySegmentName="seg_0" id="4FB12CF1-D6F5-3AF3-1624-E41A0A19F5D3" containerWithKeyObject="79A882AC-4ACB-3E99-EDE6-9036A12F21F7" localFKIndex="AB42C471-C37C-BCCF-DD99-D0C782A00BFA" name="DEPARTEMENTS_EMPLOYEES_FK">
<createdBy>user</createdBy>
<createdTime>2023-09-12 07:50:38 UTC</createdTime>
<generatorID>E7535713-589A-4AA8-83D0-F061D2D6DB60</generatorID>
<ownerDesignName>TUBES</ownerDesignName>
<referredTableLongName>EMPLOYEES</referredTableLongName>
<deleteRule>NO ACTION</deleteRule>
<referredTableID>702C46BA-E045-A4AB-CAE1-D34D8FDA5DE3</referredTableID>
<keyObject>EFD50C86-ED33-C176-F6B1-272147927D59</keyObject>
<referredKeyID>EFD50C86-ED33-C176-F6B1-272147927D59</referredKeyID>
<mandatory>true</mandatory>
<refColNames>employee_id</refColNames>
<transferable>true</transferable>
<rely>false</rely>
<columnDependencyConstraintGenerateInDDL>true</columnDependencyConstraintGenerateInDDL>
</FKIndexAssociation>