<?xml version = '1.0' encoding = 'UTF-8'?>
<FKIndexAssociation class="oracle.dbtools.crest.model.design.relational.FKIndexAssociation" directorySegmentName="seg_0" id="8729B55A-6141-2730-2760-B9459E2003EE" containerWithKeyObject="702C46BA-E045-A4AB-CAE1-D34D8FDA5DE3" localFKIndex="0DB18BC4-694C-13DE-479A-EBABA8B36696" name="EMPLOYEES_EMPLOYEES_FK">
<createdBy>user</createdBy>
<createdTime>2023-09-12 07:50:38 UTC</createdTime>
<generatorID>2EC86887-0B66-EBC1-F819-0F4BB6AB52E1</generatorID>
<ownerDesignName>TUBES</ownerDesignName>
<referredTableLongName>EMPLOYEES</referredTableLongName>
<deleteRule>NO ACTION</deleteRule>
<referredTableID>702C46BA-E045-A4AB-CAE1-D34D8FDA5DE3</referredTableID>
<keyObject>EFD50C86-ED33-C176-F6B1-272147927D59</keyObject>
<referredKeyID>EFD50C86-ED33-C176-F6B1-272147927D59</referredKeyID>
<mandatory>true</mandatory>
<refColNames>employee_id</refColNames>
<transferable>true</transferable>
<rely>false</rely>
<columnDependencyConstraintGenerateInDDL>true</columnDependencyConstraintGenerateInDDL>
</FKIndexAssociation>