<?xml version = '1.0' encoding = 'UTF-8'?>
<FKIndexAssociation class="oracle.dbtools.crest.model.design.relational.FKIndexAssociation" directorySegmentName="seg_0" id="93CF92DA-2E1B-7C3D-D97F-F16AA970D80B" containerWithKeyObject="702C46BA-E045-A4AB-CAE1-D34D8FDA5DE3" localFKIndex="B1E83ECF-6C4E-D768-F3AF-AD59BBB2CA79" name="EMPLOYEES_FullTimers_FK">
<createdBy>user</createdBy>
<createdTime>2023-11-23 11:15:37 UTC</createdTime>
<generatorID>433864EC-4E05-B82D-F316-3163B9A1A956</generatorID>
<ownerDesignName>TUBES</ownerDesignName>
<referredTableLongName>FullTimers</referredTableLongName>
<deleteRule>NO ACTION</deleteRule>
<referredTableID>5570266F-6221-95C2-5050-B44B278C0CA3</referredTableID>
<keyObject>F41923DF-DC33-471A-87F9-6371FE7D1AE3</keyObject>
<referredKeyID>F41923DF-DC33-471A-87F9-6371FE7D1AE3</referredKeyID>
<mandatory>true</mandatory>
<refColNames>EMPLOYEES_employee_id</refColNames>
<transferable>true</transferable>
<rely>false</rely>
<columnDependencyConstraintGenerateInDDL>true</columnDependencyConstraintGenerateInDDL>
</FKIndexAssociation>