<?xml version = '1.0' encoding = 'UTF-8'?>
<FKIndexAssociation class="oracle.dbtools.crest.model.design.relational.FKIndexAssociation" directorySegmentName="seg_0" id="9AB25BD5-3F3A-6DE1-3078-728634BEAF88" containerWithKeyObject="F064DB36-429F-46ED-6275-FED86E5BA538" localFKIndex="CBBEFF77-E2A7-A321-E460-42ACF354DAD1" name="LOCATIONS_COUNTRIES_FK">
<createdBy>user</createdBy>
<createdTime>2023-09-12 07:50:38 UTC</createdTime>
<generatorID>708ECE20-5750-69C5-D0F0-1D2BCA27CE98</generatorID>
<ownerDesignName>TUBES</ownerDesignName>
<referredTableLongName>COUNTRIES</referredTableLongName>
<deleteRule>NO ACTION</deleteRule>
<referredTableID>3AE75F56-E461-4CDA-808B-87CE6966B7A2</referredTableID>
<keyObject>47537B0E-3ED7-4DDB-97AC-512DB20DD478</keyObject>
<referredKeyID>47537B0E-3ED7-4DDB-97AC-512DB20DD478</referredKeyID>
<mandatory>true</mandatory>
<refColNames>country_id</refColNames>
<transferable>true</transferable>
<rely>false</rely>
<columnDependencyConstraintGenerateInDDL>true</columnDependencyConstraintGenerateInDDL>
</FKIndexAssociation>