<?xml version = '1.0' encoding = 'UTF-8'?>
<FKIndexAssociation class="oracle.dbtools.crest.model.design.relational.FKIndexAssociation" directorySegmentName="seg_0" id="B1D25846-2AF9-38D6-5970-3EF737274751" containerWithKeyObject="702C46BA-E045-A4AB-CAE1-D34D8FDA5DE3" localFKIndex="D79F2444-01B3-0E8D-6918-2971662BA1C6" name="EMPLOYEES_PartTimers_FK">
<createdBy>user</createdBy>
<createdTime>2023-11-23 11:15:36 UTC</createdTime>
<generatorID>2C6ECB79-1C1A-E90E-BA6D-13F7EF32C662</generatorID>
<ownerDesignName>TUBES</ownerDesignName>
<referredTableLongName>PartTimers</referredTableLongName>
<deleteRule>NO ACTION</deleteRule>
<referredTableID>23F5B44B-0739-5F9C-85B5-90FA2F75B1F0</referredTableID>
<keyObject>07AED134-FA3F-86C9-6BFD-AB88F9537312</keyObject>
<referredKeyID>07AED134-FA3F-86C9-6BFD-AB88F9537312</referredKeyID>
<mandatory>true</mandatory>
<refColNames>EMPLOYEES_employee_id</refColNames>
<transferable>true</transferable>
<rely>false</rely>
<columnDependencyConstraintGenerateInDDL>true</columnDependencyConstraintGenerateInDDL>
</FKIndexAssociation>