<?xml version = '1.0' encoding = 'UTF-8'?>
<FKIndexAssociation class="oracle.dbtools.crest.model.design.relational.FKIndexAssociation" directorySegmentName="seg_0" id="B2A7D911-50DF-4F01-DF37-E37F142305F6" containerWithKeyObject="6731FD21-166B-6A19-DB54-45298F4DFADE" localFKIndex="5229260E-5482-8E98-C6AE-D3D30484ABD9" name="WareHouse_DEPARTEMENTS_FK">
<createdBy>user</createdBy>
<createdTime>2023-11-22 14:19:52 UTC</createdTime>
<generatorID>4D5C4FA9-E69C-E95A-4881-C8B2228F2D5F</generatorID>
<ownerDesignName>TUBES</ownerDesignName>
<referredTableLongName>DEPARTEMENTS</referredTableLongName>
<deleteRule>NO ACTION</deleteRule>
<referredTableID>79A882AC-4ACB-3E99-EDE6-9036A12F21F7</referredTableID>
<keyObject>6D831B65-B9D6-6847-CAD4-B38A836D5A11</keyObject>
<referredKeyID>6D831B65-B9D6-6847-CAD4-B38A836D5A11</referredKeyID>
<mandatory>true</mandatory>
<refColNames>departement_id</refColNames>
<transferable>true</transferable>
<rely>false</rely>
<columnDependencyConstraintGenerateInDDL>true</columnDependencyConstraintGenerateInDDL>
</FKIndexAssociation>