<?xml version = '1.0' encoding = 'UTF-8'?>
<FKIndexAssociation class="oracle.dbtools.crest.model.design.relational.FKIndexAssociation" directorySegmentName="seg_0" id="BFD206B6-6391-5289-9AC1-15D65A466F61" containerWithKeyObject="17C31651-32B0-5AD9-0D79-39FC705BB38D" localFKIndex="43F462B0-77F1-6B27-6506-598977DA5DF1" name="Machine_Log_Machine_FK">
<createdBy>user</createdBy>
<createdTime>2023-11-23 12:30:26 UTC</createdTime>
<generatorID>0D7F650C-6B97-6070-3943-5B3BDFB6580D</generatorID>
<ownerDesignName>TUBES</ownerDesignName>
<referredTableLongName>Machine</referredTableLongName>
<deleteRule>NO ACTION</deleteRule>
<referredTableID>7B88DBC9-1D41-E324-97FE-34B456A2CDD0</referredTableID>
<keyObject>AB74895A-4F9C-AFA7-E275-43242CDDA697</keyObject>
<referredKeyID>AB74895A-4F9C-AFA7-E275-43242CDDA697</referredKeyID>
<mandatory>true</mandatory>
<refColNames>machine_id</refColNames>
<transferable>true</transferable>
<rely>false</rely>
<columnDependencyConstraintGenerateInDDL>true</columnDependencyConstraintGenerateInDDL>
</FKIndexAssociation>