<?xml version = '1.0' encoding = 'UTF-8'?>
<FKIndexAssociation class="oracle.dbtools.crest.model.design.relational.FKIndexAssociation" directorySegmentName="seg_0" id="C43925AD-7B18-ABA4-B519-4A8C46BF8019" containerWithKeyObject="702C46BA-E045-A4AB-CAE1-D34D8FDA5DE3" localFKIndex="F282FE7B-9DAE-3AE5-B6E0-06F53583568B" name="EMPLOYEES_JOBS_FK">
<createdBy>user</createdBy>
<createdTime>2023-09-12 07:50:38 UTC</createdTime>
<generatorID>9D2FDF41-1814-5BE6-35CA-353918A533D8</generatorID>
<ownerDesignName>TUBES</ownerDesignName>
<referredTableLongName>JOBS</referredTableLongName>
<deleteRule>NO ACTION</deleteRule>
<referredTableID>7591EEEC-72A5-C316-4994-2C5C5CBEE82C</referredTableID>
<keyObject>F7587A99-218D-9970-6703-9D73D1E580EE</keyObject>
<referredKeyID>F7587A99-218D-9970-6703-9D73D1E580EE</referredKeyID>
<mandatory>true</mandatory>
<refColNames>job_id</refColNames>
<transferable>true</transferable>
<rely>false</rely>
<columnDependencyConstraintGenerateInDDL>true</columnDependencyConstraintGenerateInDDL>
</FKIndexAssociation>