<?xml version = '1.0' encoding = 'UTF-8'?>
<FKIndexAssociation class="oracle.dbtools.crest.model.design.relational.FKIndexAssociation" directorySegmentName="seg_0" id="DFAD041E-2B10-BE85-FBC8-477BE364D68C" containerWithKeyObject="498C7353-D425-3275-7BBE-5811F4BDDB91" localFKIndex="8C4498E1-9427-D9E8-41B4-9BA3B67F8286" name="Do_Jobs_JOBS_FK">
<createdBy>user</createdBy>
<createdTime>2023-09-12 07:50:38 UTC</createdTime>
<generatorID>A1B55CC5-B164-B216-0EAD-80FCA70278C2</generatorID>
<ownerDesignName>TUBES</ownerDesignName>
<referredTableLongName>JOBS</referredTableLongName>
<deleteRule>NO ACTION</deleteRule>
<referredTableID>7591EEEC-72A5-C316-4994-2C5C5CBEE82C</referredTableID>
<keyObject>F7587A99-218D-9970-6703-9D73D1E580EE</keyObject>
<referredKeyID>F7587A99-218D-9970-6703-9D73D1E580EE</referredKeyID>
<mandatory>true</mandatory>
<refColNames>job_id</refColNames>
<transferable>true</transferable>
<rely>false</rely>
<columnDependencyConstraintGenerateInDDL>true</columnDependencyConstraintGenerateInDDL>
</FKIndexAssociation>