<?xml version = '1.0' encoding = 'UTF-8'?>
<FKIndexAssociation class="oracle.dbtools.crest.model.design.relational.FKIndexAssociation" directorySegmentName="seg_0" id="F42913A2-518F-A50C-9D28-ECAC85F08C66" containerWithKeyObject="498C7353-D425-3275-7BBE-5811F4BDDB91" localFKIndex="184563C2-04FB-574D-ABE2-BE410453D3B7" name="Do_Jobs_EMPLOYEES_FK">
<createdBy>user</createdBy>
<createdTime>2023-09-12 07:50:38 UTC</createdTime>
<generatorID>A9177A84-7AC1-F923-AD19-BAB8A5F2C358</generatorID>
<ownerDesignName>TUBES</ownerDesignName>
<referredTableLongName>EMPLOYEES</referredTableLongName>
<deleteRule>NO ACTION</deleteRule>
<referredTableID>702C46BA-E045-A4AB-CAE1-D34D8FDA5DE3</referredTableID>
<keyObject>EFD50C86-ED33-C176-F6B1-272147927D59</keyObject>
<referredKeyID>EFD50C86-ED33-C176-F6B1-272147927D59</referredKeyID>
<mandatory>true</mandatory>
<refColNames>employee_id</refColNames>
<transferable>true</transferable>
<rely>false</rely>
<columnDependencyConstraintGenerateInDDL>true</columnDependencyConstraintGenerateInDDL>
</FKIndexAssociation>