<?xml version = '1.0' encoding = 'UTF-8'?>
<FKIndexAssociation class="oracle.dbtools.crest.model.design.relational.FKIndexAssociation" directorySegmentName="seg_0" id="FF61B3E8-02E8-6E23-0374-372A4E0F00BB" containerWithKeyObject="5570266F-6221-95C2-5050-B44B278C0CA3" localFKIndex="7830FE4D-9990-E105-1284-47F627C8875A" name="FullTimers_Grade_Golongan_FK">
<createdBy>user</createdBy>
<createdTime>2023-11-23 11:15:37 UTC</createdTime>
<generatorID>2CBFCC0A-1F8D-B4C9-B39F-288BC6FFF659</generatorID>
<ownerDesignName>TUBES</ownerDesignName>
<referredTableLongName>Grade_Golongan</referredTableLongName>
<deleteRule>NO ACTION</deleteRule>
<referredTableID>5AE01386-102B-B5D8-173C-68636F8BEFE6</referredTableID>
<keyObject>27E68D53-4D02-6AA1-A334-5FDD757C33A5</keyObject>
<referredKeyID>27E68D53-4D02-6AA1-A334-5FDD757C33A5</referredKeyID>
<mandatory>true</mandatory>
<refColNames>golongan</refColNames>
<transferable>true</transferable>
<rely>false</rely>
<columnDependencyConstraintGenerateInDDL>true</columnDependencyConstraintGenerateInDDL>
</FKIndexAssociation>